PRAGMA foreign_keys=OFF;
BEGIN TRANSACTION;
CREATE TABLE IF NOT EXISTS "django_migrations" ("id" integer NOT NULL PRIMARY KEY AUTOINCREMENT, "app" varchar(255) NOT NULL, "name" varchar(255) NOT NULL, "applied" datetime NOT NULL);
INSERT INTO django_migrations VALUES(1,'contenttypes','0001_initial','2025-01-30 09:38:58.808773');
INSERT INTO django_migrations VALUES(2,'auth','0001_initial','2025-01-30 09:38:58.826812');
INSERT INTO django_migrations VALUES(3,'admin','0001_initial','2025-01-30 09:38:58.839396');
INSERT INTO django_migrations VALUES(4,'admin','0002_logentry_remove_auto_add','2025-01-30 09:38:58.850518');
INSERT INTO django_migrations VALUES(5,'admin','0003_logentry_add_action_flag_choices','2025-01-30 09:38:58.859799');
INSERT INTO django_migrations VALUES(6,'attendance','0001_initial','2025-01-30 09:38:58.876879');
INSERT INTO django_migrations VALUES(7,'contenttypes','0002_remove_content_type_name','2025-01-30 09:38:58.914537');
INSERT INTO django_migrations VALUES(8,'auth','0002_alter_permission_name_max_length','2025-01-30 09:38:58.926328');
INSERT INTO django_migrations VALUES(9,'auth','0003_alter_user_email_max_length','2025-01-30 09:38:58.938576');
INSERT INTO django_migrations VALUES(10,'auth','0004_alter_user_username_opts','2025-01-30 09:38:58.946798');
INSERT INTO django_migrations VALUES(11,'auth','0005_alter_user_last_login_null','2025-01-30 09:38:58.959210');
INSERT INTO django_migrations VALUES(12,'auth','0006_require_contenttypes_0002','2025-01-30 09:38:58.962372');
INSERT INTO django_migrations VALUES(13,'auth','0007_alter_validators_add_error_messages','2025-01-30 09:38:58.970787');
INSERT INTO django_migrations VALUES(14,'auth','0008_alter_user_username_max_length','2025-01-30 09:38:58.983402');
INSERT INTO django_migrations VALUES(15,'auth','0009_alter_user_last_name_max_length','2025-01-30 09:38:58.994435');
INSERT INTO django_migrations VALUES(16,'auth','0010_alter_group_name_max_length','2025-01-30 09:38:59.005606');
INSERT INTO django_migrations VALUES(17,'auth','0011_update_proxy_permissions','2025-01-30 09:38:59.015822');
INSERT INTO django_migrations VALUES(18,'auth','0012_alter_user_first_name_max_length','2025-01-30 09:38:59.028738');
INSERT INTO django_migrations VALUES(19,'sessions','0001_initial','2025-01-30 09:38:59.035104');
INSERT INTO django_migrations VALUES(20,'attendance','0002_leaders','2025-01-30 10:05:37.481040');
INSERT INTO django_migrations VALUES(21,'attendance','0003_remove_member_leader','2025-01-30 10:06:57.001994');
INSERT INTO django_migrations VALUES(22,'attendance','0004_leaders_username','2025-01-30 11:15:03.115564');
INSERT INTO django_migrations VALUES(23,'attendance','0005_session_created_at','2025-02-03 08:18:36.080499');
CREATE TABLE IF NOT EXISTS "auth_group_permissions" ("id" integer NOT NULL PRIMARY KEY AUTOINCREMENT, "group_id" integer NOT NULL REFERENCES "auth_group" ("id") DEFERRABLE INITIALLY DEFERRED, "permission_id" integer NOT NULL REFERENCES "auth_permission" ("id") DEFERRABLE INITIALLY DEFERRED);
CREATE TABLE IF NOT EXISTS "auth_user_groups" ("id" integer NOT NULL PRIMARY KEY AUTOINCREMENT, "user_id" integer NOT NULL REFERENCES "auth_user" ("id") DEFERRABLE INITIALLY DEFERRED, "group_id" integer NOT NULL REFERENCES "auth_group" ("id") DEFERRABLE INITIALLY DEFERRED);
CREATE TABLE IF NOT EXISTS "auth_user_user_permissions" ("id" integer NOT NULL PRIMARY KEY AUTOINCREMENT, "user_id" integer NOT NULL REFERENCES "auth_user" ("id") DEFERRABLE INITIALLY DEFERRED, "permission_id" integer NOT NULL REFERENCES "auth_permission" ("id") DEFERRABLE INITIALLY DEFERRED);
CREATE TABLE IF NOT EXISTS "django_admin_log" ("id" integer NOT NULL PRIMARY KEY AUTOINCREMENT, "object_id" text NULL, "object_repr" varchar(200) NOT NULL, "action_flag" smallint unsigned NOT NULL CHECK ("action_flag" >= 0), "change_message" text NOT NULL, "content_type_id" integer NULL REFERENCES "django_content_type" ("id") DEFERRABLE INITIALLY DEFERRED, "user_id" integer NOT NULL REFERENCES "auth_user" ("id") DEFERRABLE INITIALLY DEFERRED, "action_time" datetime NOT NULL);
INSERT INTO django_admin_log VALUES(1,'1','Group 1',1,'[{"added": {}}]',7,1,'2025-01-30 09:39:59.193471');
INSERT INTO django_admin_log VALUES(2,'2','Group 2',1,'[{"added": {}}]',7,1,'2025-01-30 09:40:15.150242');
INSERT INTO django_admin_log VALUES(3,'3','Group 3',1,'[{"added": {}}]',7,1,'2025-01-30 09:40:21.363420');
INSERT INTO django_admin_log VALUES(4,'1','James Mithamo',1,'[{"added": {}}]',9,1,'2025-01-30 09:40:29.814020');
INSERT INTO django_admin_log VALUES(5,'2','John Doe',1,'[{"added": {}}]',9,1,'2025-01-30 09:40:54.130076');
INSERT INTO django_admin_log VALUES(6,'1','2025-01-22',1,'[{"added": {}}]',8,1,'2025-01-30 09:45:17.304071');
INSERT INTO django_admin_log VALUES(7,'2','2025-01-29',1,'[{"added": {}}]',8,1,'2025-01-30 09:45:54.526771');
INSERT INTO django_admin_log VALUES(8,'1','James Mithamo',2,'[{"changed": {"fields": ["Leader"]}}]',9,1,'2025-01-30 09:46:22.437075');
INSERT INTO django_admin_log VALUES(9,'1','leaders object (1)',1,'[{"added": {}}]',11,1,'2025-01-30 10:07:22.410212');
INSERT INTO django_admin_log VALUES(10,'1','Group 1',2,'[{"changed": {"fields": ["Leader"]}}]',7,1,'2025-01-30 11:15:21.391326');
INSERT INTO django_admin_log VALUES(11,'1','leaders object (1)',2,'[{"changed": {"fields": ["Username"]}}]',11,1,'2025-01-30 11:15:37.708269');
INSERT INTO django_admin_log VALUES(12,'2','John Doe',2,'[{"changed": {"fields": ["Group"]}}]',9,1,'2025-01-30 11:49:49.145246');
INSERT INTO django_admin_log VALUES(13,'4','John Doe - 2025-01-29',2,'[{"changed": {"fields": ["Submitted"]}}]',10,1,'2025-01-30 11:50:56.010372');
INSERT INTO django_admin_log VALUES(14,'1','James Mithamo - 2025-01-22',2,'[{"changed": {"fields": ["Submitted"]}}]',10,1,'2025-01-30 11:51:01.832755');
INSERT INTO django_admin_log VALUES(15,'2','John Doe - 2025-01-22',2,'[{"changed": {"fields": ["Submitted"]}}]',10,1,'2025-01-30 11:54:17.224615');
INSERT INTO django_admin_log VALUES(16,'2','John Doe - 2025-01-22',2,'[{"changed": {"fields": ["Submitted"]}}]',10,1,'2025-01-30 11:54:28.651919');
INSERT INTO django_admin_log VALUES(17,'1','James Mithamo - 2025-01-22',2,'[{"changed": {"fields": ["Submitted"]}}]',10,1,'2025-01-30 11:54:40.095077');
INSERT INTO django_admin_log VALUES(18,'4','John Doe - 2025-01-29',2,'[{"changed": {"fields": ["Submitted"]}}]',10,1,'2025-01-30 11:54:44.606154');
INSERT INTO django_admin_log VALUES(19,'4','John Doe - 2025-01-29',2,'[{"changed": {"fields": ["Submitted"]}}]',10,1,'2025-01-30 11:56:24.258524');
INSERT INTO django_admin_log VALUES(20,'3','James Mithamo - 2025-01-29',2,'[{"changed": {"fields": ["Submitted"]}}]',10,1,'2025-01-30 11:56:27.439598');
INSERT INTO django_admin_log VALUES(21,'2','John Doe - 2025-01-22',2,'[{"changed": {"fields": ["Submitted"]}}]',10,1,'2025-01-30 11:56:30.738667');
INSERT INTO django_admin_log VALUES(22,'1','James Mithamo - 2025-01-22',2,'[{"changed": {"fields": ["Submitted"]}}]',10,1,'2025-01-30 11:56:33.986814');
INSERT INTO django_admin_log VALUES(23,'4','John Doe - 2025-01-29',2,'[{"changed": {"fields": ["Submitted"]}}]',10,1,'2025-01-30 12:07:38.558138');
INSERT INTO django_admin_log VALUES(24,'2','John Doe - 2025-01-22',2,'[]',10,1,'2025-01-30 12:23:31.131656');
INSERT INTO django_admin_log VALUES(25,'4','John Doe - 2025-01-29',2,'[{"changed": {"fields": ["Submitted"]}}]',10,1,'2025-01-30 12:23:44.051067');
INSERT INTO django_admin_log VALUES(26,'3','James Mithamo - 2025-01-29',2,'[]',10,1,'2025-01-30 12:23:47.270987');
INSERT INTO django_admin_log VALUES(27,'2','John Doe - 2025-01-22',2,'[]',10,1,'2025-01-30 12:23:50.170507');
INSERT INTO django_admin_log VALUES(28,'4','John Doe - 2025-01-29',2,'[{"changed": {"fields": ["Submitted"]}}]',10,1,'2025-01-30 12:25:34.083602');
INSERT INTO django_admin_log VALUES(29,'4','John Doe - 2025-01-29',2,'[{"changed": {"fields": ["Submitted"]}}]',10,1,'2025-01-30 12:31:21.816442');
INSERT INTO django_admin_log VALUES(30,'3','James Mithamo - 2025-01-29',2,'[{"changed": {"fields": ["Submitted"]}}]',10,1,'2025-01-30 12:31:40.549881');
INSERT INTO django_admin_log VALUES(31,'4','John Doe - 2025-01-29',2,'[]',10,1,'2025-01-30 12:31:52.383776');
INSERT INTO django_admin_log VALUES(32,'3','James Mithamo - 2025-01-29',2,'[{"changed": {"fields": ["Submitted"]}}]',10,1,'2025-01-30 12:31:56.161948');
INSERT INTO django_admin_log VALUES(33,'2','John Doe - 2025-01-22',2,'[]',10,1,'2025-01-30 12:31:59.869146');
INSERT INTO django_admin_log VALUES(34,'1','James Mithamo - 2025-01-22',2,'[]',10,1,'2025-01-30 12:32:06.968550');
INSERT INTO django_admin_log VALUES(35,'4','John Doe - 2025-01-29',2,'[{"changed": {"fields": ["Status"]}}]',10,1,'2025-01-30 12:32:49.794773');
INSERT INTO django_admin_log VALUES(36,'3','James Mithamo - 2025-01-29',2,'[{"changed": {"fields": ["Status"]}}]',10,1,'2025-01-30 17:58:45.491550');
INSERT INTO django_admin_log VALUES(37,'6','James Mithamo - 2025-01-29',2,'[{"changed": {"fields": ["Status"]}}]',10,1,'2025-01-30 17:59:16.850815');
INSERT INTO django_admin_log VALUES(38,'2','John Doe',2,'[{"changed": {"fields": ["Group"]}}]',9,1,'2025-01-30 18:00:55.542492');
INSERT INTO django_admin_log VALUES(39,'3','kimani',1,'[{"added": {}}]',9,1,'2025-01-30 18:02:11.975804');
INSERT INTO django_admin_log VALUES(40,'2','leaders object (2)',1,'[{"added": {}}]',11,1,'2025-01-30 18:15:13.974880');
INSERT INTO django_admin_log VALUES(41,'2','Group 2',2,'[{"changed": {"fields": ["Leader"]}}]',7,1,'2025-01-30 18:15:22.158280');
INSERT INTO django_admin_log VALUES(42,'35','Tom - 2025-01-29',2,'[{"changed": {"fields": ["Status"]}}]',10,1,'2025-01-30 18:38:17.297335');
INSERT INTO django_admin_log VALUES(43,'3','2025-02-05',1,'[{"added": {}}]',8,1,'2025-01-30 18:39:12.171593');
INSERT INTO django_admin_log VALUES(44,'76','Sophia - 2025-01-29',2,'[{"changed": {"fields": ["Session", "Status"]}}]',10,1,'2025-02-03 07:15:48.278241');
INSERT INTO django_admin_log VALUES(45,'76','Sophia - 2025-01-29',2,'[{"changed": {"fields": ["Submitted"]}}]',10,1,'2025-02-03 07:18:47.611298');
INSERT INTO django_admin_log VALUES(46,'76','Sophia - 2025-02-05',2,'[{"changed": {"fields": ["Session"]}}]',10,1,'2025-02-03 07:20:16.349114');
INSERT INTO django_admin_log VALUES(47,'15','Sophia - 2025-01-29',2,'[{"changed": {"fields": ["Status"]}}]',10,1,'2025-02-03 07:25:14.416058');
INSERT INTO django_admin_log VALUES(48,'3','2025-02-05',3,'',8,1,'2025-02-03 07:25:51.929886');
INSERT INTO django_admin_log VALUES(49,'2','2025-01-29',3,'',8,1,'2025-02-03 07:25:57.742693');
INSERT INTO django_admin_log VALUES(50,'1','2025-01-22',3,'',8,1,'2025-02-03 07:26:02.509980');
INSERT INTO django_admin_log VALUES(51,'4','2025-01-29',1,'[{"added": {}}]',8,1,'2025-02-03 07:26:38.874092');
INSERT INTO django_admin_log VALUES(52,'98','Sophia - 2025-01-29',2,'[{"changed": {"fields": ["Status", "Submitted"]}}]',10,1,'2025-02-03 07:26:56.961303');
INSERT INTO django_admin_log VALUES(53,'98','Sophia - 2025-01-29',2,'[{"changed": {"fields": ["Submitted"]}}]',10,1,'2025-02-03 07:27:23.270324');
INSERT INTO django_admin_log VALUES(54,'98','Sophia - 2025-01-29',2,'[]',10,1,'2025-02-03 07:43:00.950942');
INSERT INTO django_admin_log VALUES(55,'98','Sophia - 2025-01-29',2,'[{"changed": {"fields": ["Submitted"]}}]',10,1,'2025-02-03 07:43:04.344736');
INSERT INTO django_admin_log VALUES(56,'98','Sophia - 2025-01-29',2,'[{"changed": {"fields": ["Submitted"]}}]',10,1,'2025-02-03 07:43:22.690317');
INSERT INTO django_admin_log VALUES(57,'92','James Mithamo - 2025-01-29',2,'[{"changed": {"fields": ["Member"]}}]',10,1,'2025-02-03 07:57:17.082179');
INSERT INTO django_admin_log VALUES(58,'98','James Mithamo - 2025-01-29',2,'[{"changed": {"fields": ["Member"]}}]',10,1,'2025-02-03 07:59:05.431631');
INSERT INTO django_admin_log VALUES(59,'93','David - 2025-01-29',2,'[{"changed": {"fields": ["Member", "Status"]}}]',10,1,'2025-02-03 07:59:26.819922');
INSERT INTO django_admin_log VALUES(60,'93','David - 2025-01-29',2,'[{"changed": {"fields": ["Status"]}}]',10,1,'2025-02-03 08:00:34.346627');
INSERT INTO django_admin_log VALUES(61,'93','James Mithamo - 2025-01-29',2,'[{"changed": {"fields": ["Member"]}}]',10,1,'2025-02-03 08:00:44.577686');
INSERT INTO django_admin_log VALUES(62,'93','James Mithamo - 2025-01-29',2,'[]',10,1,'2025-02-03 08:00:57.243961');
INSERT INTO django_admin_log VALUES(63,'100','kimani - 2025-01-29',1,'[{"added": {}}]',10,1,'2025-02-03 08:01:07.301119');
INSERT INTO django_admin_log VALUES(64,'100','James Mithamo - 2025-01-29',2,'[{"changed": {"fields": ["Member"]}}]',10,1,'2025-02-03 08:01:22.045041');
INSERT INTO django_admin_log VALUES(65,'100','James Mithamo - 2025-01-29',2,'[{"changed": {"fields": ["Submitted"]}}]',10,1,'2025-02-03 08:10:04.608220');
INSERT INTO django_admin_log VALUES(66,'5','2025-01-22',1,'[{"added": {}}]',8,1,'2025-02-03 08:11:03.947567');
INSERT INTO django_admin_log VALUES(67,'4','2025-01-29',3,'',8,1,'2025-02-03 08:11:52.675471');
INSERT INTO django_admin_log VALUES(68,'5','2025-01-22',2,'[]',8,1,'2025-02-03 08:18:45.476726');
INSERT INTO django_admin_log VALUES(69,'5','2025-01-22',2,'[]',8,1,'2025-02-03 08:19:05.993987');
INSERT INTO django_admin_log VALUES(70,'6','2025-01-29',1,'[{"added": {}}]',8,1,'2025-02-03 08:19:20.889622');
INSERT INTO django_admin_log VALUES(71,'5','2025-01-22',2,'[]',8,1,'2025-02-03 08:21:38.745708');
INSERT INTO django_admin_log VALUES(72,'5','2025-01-22',3,'',8,1,'2025-02-03 08:22:51.709337');
INSERT INTO django_admin_log VALUES(73,'7','2025-02-05',1,'[{"added": {}}]',8,1,'2025-02-03 09:02:40.280530');
INSERT INTO django_admin_log VALUES(74,'4','Group 1',2,'[{"changed": {"fields": ["Leader"]}}]',7,1,'2025-02-03 09:29:46.116600');
INSERT INTO django_admin_log VALUES(75,'5','Group 2',2,'[{"changed": {"fields": ["Leader"]}}]',7,1,'2025-02-03 09:30:00.161542');
INSERT INTO django_admin_log VALUES(76,'1','leaders object (1)',2,'[{"changed": {"fields": ["Name", "Username", "Group"]}}]',11,1,'2025-02-03 09:30:31.720631');
INSERT INTO django_admin_log VALUES(77,'2','leaders object (2)',2,'[{"changed": {"fields": ["Name", "Username", "Group"]}}]',11,1,'2025-02-03 09:30:55.587414');
INSERT INTO django_admin_log VALUES(78,'59','MaryFaith',2,'[{"changed": {"fields": ["Email", "Group"]}}]',9,1,'2025-02-03 09:45:18.677902');
INSERT INTO django_admin_log VALUES(79,'2','leaders object (2)',2,'[{"changed": {"fields": ["Name", "Username", "Group"]}}]',11,1,'2025-02-03 10:16:34.738523');
INSERT INTO django_admin_log VALUES(80,'2','leaders object (2)',2,'[]',11,1,'2025-02-03 10:17:13.654692');
INSERT INTO django_admin_log VALUES(81,'2','leaders object (2)',2,'[{"changed": {"fields": ["Name", "Username", "Group"]}}]',11,1,'2025-02-03 10:20:35.111212');
INSERT INTO django_admin_log VALUES(82,'3','leaders object (3)',1,'[{"added": {}}]',11,1,'2025-02-03 10:20:53.749351');
INSERT INTO django_admin_log VALUES(83,'4','leaders object (4)',1,'[{"added": {}}]',11,1,'2025-02-03 10:21:13.776845');
INSERT INTO django_admin_log VALUES(84,'5','leaders object (5)',1,'[{"added": {}}]',11,1,'2025-02-03 10:25:45.311825');
INSERT INTO django_admin_log VALUES(85,'6','leaders object (6)',1,'[{"added": {}}]',11,1,'2025-02-03 10:26:09.158567');
INSERT INTO django_admin_log VALUES(86,'7','leaders object (7)',1,'[{"added": {}}]',11,1,'2025-02-03 10:26:31.532865');
INSERT INTO django_admin_log VALUES(87,'8','leaders object (8)',1,'[{"added": {}}]',11,1,'2025-02-03 10:26:54.228960');
INSERT INTO django_admin_log VALUES(88,'9','leaders object (9)',1,'[{"added": {}}]',11,1,'2025-02-03 10:27:32.563280');
INSERT INTO django_admin_log VALUES(89,'10','leaders object (10)',1,'[{"added": {}}]',11,1,'2025-02-03 10:27:51.921302');
INSERT INTO django_admin_log VALUES(90,'8','2025-01-22',1,'[{"added": {}}]',8,1,'2025-02-03 10:30:25.061991');
INSERT INTO django_admin_log VALUES(91,'54','Gift Kidha',2,'[{"changed": {"fields": ["Group"]}}]',9,1,'2025-02-03 10:31:25.980241');
INSERT INTO django_admin_log VALUES(92,'5','Group 2',2,'[]',7,1,'2025-02-03 10:32:31.673781');
INSERT INTO django_admin_log VALUES(93,'8','2025-01-22',3,'',8,1,'2025-02-03 10:34:52.541409');
INSERT INTO django_admin_log VALUES(94,'9','2025-01-22',1,'[{"added": {}}]',8,1,'2025-02-03 10:35:19.130947');
INSERT INTO django_admin_log VALUES(95,'83','Njeri Mucheru',2,'[{"changed": {"fields": ["Group"]}}]',9,1,'2025-02-03 10:37:40.326068');
INSERT INTO django_admin_log VALUES(96,'471','Gift Kidha - 2025-01-22',2,'[{"changed": {"fields": ["Status", "Submitted"]}}]',10,1,'2025-02-03 10:38:04.788240');
INSERT INTO django_admin_log VALUES(97,'54','Gift Kidha',2,'[]',9,1,'2025-02-03 11:07:34.789454');
INSERT INTO django_admin_log VALUES(98,'54','Gift Kidha',2,'[{"changed": {"fields": ["Group"]}}]',9,1,'2025-02-03 11:10:37.562814');
INSERT INTO django_admin_log VALUES(99,'54','Gift Kidha',2,'[]',9,1,'2025-02-03 11:10:46.520965');
INSERT INTO django_admin_log VALUES(100,'54','Gift Kidha',2,'[{"changed": {"fields": ["Group"]}}]',9,1,'2025-02-03 11:10:54.370268');
INSERT INTO django_admin_log VALUES(101,'54','Gift Kidha',2,'[{"changed": {"fields": ["Group"]}}]',9,1,'2025-02-03 11:11:50.265107');
INSERT INTO django_admin_log VALUES(102,'11','leaders object (11)',1,'[{"added": {}}]',11,1,'2025-02-03 12:35:10.727476');
INSERT INTO django_admin_log VALUES(103,'39','GROUP 9',3,'',7,1,'2025-02-03 12:43:40.399036');
INSERT INTO django_admin_log VALUES(104,'38','GROUP 8',3,'',7,1,'2025-02-03 12:43:44.291019');
INSERT INTO django_admin_log VALUES(105,'37','GROUP 7',3,'',7,1,'2025-02-03 12:43:47.471835');
INSERT INTO django_admin_log VALUES(106,'36','GROUP 6',3,'',7,1,'2025-02-03 12:43:50.701242');
INSERT INTO django_admin_log VALUES(107,'35','GROUP 5',3,'',7,1,'2025-02-03 12:43:54.102306');
INSERT INTO django_admin_log VALUES(108,'34','GROUP 4',3,'',7,1,'2025-02-03 12:43:58.047593');
INSERT INTO django_admin_log VALUES(109,'33','GROUP 3',3,'',7,1,'2025-02-03 12:44:01.586378');
INSERT INTO django_admin_log VALUES(110,'32','Group 29',2,'[{"changed": {"fields": ["Leader"]}}]',7,1,'2025-02-03 12:44:57.070813');
INSERT INTO django_admin_log VALUES(111,'12','leaders object (12)',3,'',11,1,'2025-02-03 12:54:19.444799');
INSERT INTO django_admin_log VALUES(112,'10','2025-02-05',1,'[{"added": {}}]',8,1,'2025-02-03 13:56:58.145439');
INSERT INTO django_admin_log VALUES(113,'11','2025-01-29',1,'[{"added": {}}]',8,1,'2025-02-03 14:32:10.851496');
INSERT INTO django_admin_log VALUES(114,'12','2025-02-03',1,'[{"added": {}}]',8,1,'2025-02-03 16:34:03.545636');
INSERT INTO django_admin_log VALUES(115,'12','2025-02-03',2,'[]',8,1,'2025-02-03 16:45:46.160178');
INSERT INTO django_admin_log VALUES(116,'13','2025-02-17',1,'[{"added": {}}]',8,1,'2025-02-03 16:46:04.845119');
INSERT INTO django_admin_log VALUES(117,'13','2025-02-17',3,'',8,1,'2025-02-04 13:23:16.695205');
INSERT INTO django_admin_log VALUES(118,'12','2025-02-03',3,'',8,1,'2025-02-04 13:23:25.479725');
INSERT INTO django_admin_log VALUES(119,'10','2025-02-05',3,'',8,1,'2025-02-04 13:23:34.622781');
INSERT INTO django_admin_log VALUES(120,'9','2025-01-22',3,'',8,1,'2025-02-04 13:23:44.821070');
INSERT INTO django_admin_log VALUES(121,'14','2025-01-22',1,'[{"added": {}}]',8,1,'2025-02-04 13:26:59.782635');
INSERT INTO django_admin_log VALUES(122,'15','2025-01-29',1,'[{"added": {}}]',8,1,'2025-02-04 13:27:27.005987');
CREATE TABLE IF NOT EXISTS "attendance_group" ("id" integer NOT NULL PRIMARY KEY AUTOINCREMENT, "name" varchar(100) NOT NULL, "leader_id" bigint NULL REFERENCES "attendance_member" ("id") DEFERRABLE INITIALLY DEFERRED);
INSERT INTO attendance_group VALUES(4,'Group 1',44);
INSERT INTO attendance_group VALUES(5,'Group 2',54);
INSERT INTO attendance_group VALUES(6,'Group 3',54);
INSERT INTO attendance_group VALUES(7,'Group 4',NULL);
INSERT INTO attendance_group VALUES(8,'Group 5',NULL);
INSERT INTO attendance_group VALUES(9,'Group 6',NULL);
INSERT INTO attendance_group VALUES(10,'Group 7',NULL);
INSERT INTO attendance_group VALUES(11,'Group 8',NULL);
INSERT INTO attendance_group VALUES(12,'Group 9',NULL);
INSERT INTO attendance_group VALUES(13,'Group 10',NULL);
INSERT INTO attendance_group VALUES(14,'Group 11',146);
INSERT INTO attendance_group VALUES(15,'Group 12',156);
INSERT INTO attendance_group VALUES(16,'Group 13',166);
INSERT INTO attendance_group VALUES(17,'Group 14',176);
INSERT INTO attendance_group VALUES(18,'Group 15',186);
INSERT INTO attendance_group VALUES(19,'Group 16',196);
INSERT INTO attendance_group VALUES(20,'Group 17',208);
INSERT INTO attendance_group VALUES(21,'Group 18',218);
INSERT INTO attendance_group VALUES(22,'Group 19',228);
INSERT INTO attendance_group VALUES(23,'Group 20',238);
INSERT INTO attendance_group VALUES(24,'Group 21',248);
INSERT INTO attendance_group VALUES(25,'Group 22',258);
INSERT INTO attendance_group VALUES(26,'Group 23',268);
INSERT INTO attendance_group VALUES(27,'Group 24',278);
INSERT INTO attendance_group VALUES(28,'Group 25',288);
INSERT INTO attendance_group VALUES(29,'Group 26',298);
INSERT INTO attendance_group VALUES(30,'Group 27',309);
INSERT INTO attendance_group VALUES(31,'Group 28',319);
INSERT INTO attendance_group VALUES(32,'Group 29',328);
CREATE TABLE IF NOT EXISTS "attendance_attendance" ("id" integer NOT NULL PRIMARY KEY AUTOINCREMENT, "status" bool NULL, "submitted" bool NOT NULL, "member_id" bigint NOT NULL REFERENCES "attendance_member" ("id") DEFERRABLE INITIALLY DEFERRED, "session_id" bigint NOT NULL REFERENCES "attendance_session" ("id") DEFERRABLE INITIALLY DEFERRED);
INSERT INTO attendance_attendance VALUES(124,1,1,1,6);
INSERT INTO attendance_attendance VALUES(125,1,1,2,6);
INSERT INTO attendance_attendance VALUES(126,1,1,3,6);
INSERT INTO attendance_attendance VALUES(127,0,1,4,6);
INSERT INTO attendance_attendance VALUES(128,1,1,5,6);
INSERT INTO attendance_attendance VALUES(129,0,0,6,6);
INSERT INTO attendance_attendance VALUES(130,0,1,7,6);
INSERT INTO attendance_attendance VALUES(131,1,1,8,6);
INSERT INTO attendance_attendance VALUES(132,0,0,9,6);
INSERT INTO attendance_attendance VALUES(133,0,1,10,6);
INSERT INTO attendance_attendance VALUES(134,0,1,11,6);
INSERT INTO attendance_attendance VALUES(135,0,0,12,6);
INSERT INTO attendance_attendance VALUES(136,0,1,13,6);
INSERT INTO attendance_attendance VALUES(137,0,1,14,6);
INSERT INTO attendance_attendance VALUES(138,0,0,15,6);
INSERT INTO attendance_attendance VALUES(139,0,1,16,6);
INSERT INTO attendance_attendance VALUES(140,0,1,17,6);
INSERT INTO attendance_attendance VALUES(141,0,0,18,6);
INSERT INTO attendance_attendance VALUES(142,0,1,19,6);
INSERT INTO attendance_attendance VALUES(143,0,1,20,6);
INSERT INTO attendance_attendance VALUES(144,0,0,21,6);
INSERT INTO attendance_attendance VALUES(145,0,1,22,6);
INSERT INTO attendance_attendance VALUES(146,0,1,23,6);
INSERT INTO attendance_attendance VALUES(147,1,1,1,7);
INSERT INTO attendance_attendance VALUES(148,0,1,2,7);
INSERT INTO attendance_attendance VALUES(149,1,1,3,7);
INSERT INTO attendance_attendance VALUES(150,1,1,4,7);
INSERT INTO attendance_attendance VALUES(151,0,1,5,7);
INSERT INTO attendance_attendance VALUES(152,0,0,6,7);
INSERT INTO attendance_attendance VALUES(153,1,1,7,7);
INSERT INTO attendance_attendance VALUES(154,0,1,8,7);
INSERT INTO attendance_attendance VALUES(155,0,0,9,7);
INSERT INTO attendance_attendance VALUES(156,1,1,10,7);
INSERT INTO attendance_attendance VALUES(157,0,1,11,7);
INSERT INTO attendance_attendance VALUES(158,0,0,12,7);
INSERT INTO attendance_attendance VALUES(159,1,1,13,7);
INSERT INTO attendance_attendance VALUES(160,0,1,14,7);
INSERT INTO attendance_attendance VALUES(161,0,0,15,7);
INSERT INTO attendance_attendance VALUES(162,1,1,16,7);
INSERT INTO attendance_attendance VALUES(163,0,1,17,7);
INSERT INTO attendance_attendance VALUES(164,0,0,18,7);
INSERT INTO attendance_attendance VALUES(165,0,1,19,7);
INSERT INTO attendance_attendance VALUES(166,0,1,20,7);
INSERT INTO attendance_attendance VALUES(167,0,0,21,7);
INSERT INTO attendance_attendance VALUES(168,0,1,22,7);
INSERT INTO attendance_attendance VALUES(169,0,1,23,7);
INSERT INTO attendance_attendance VALUES(1916,1,1,44,14);
INSERT INTO attendance_attendance VALUES(1917,1,1,45,14);
INSERT INTO attendance_attendance VALUES(1918,1,1,46,14);
INSERT INTO attendance_attendance VALUES(1919,0,1,47,14);
INSERT INTO attendance_attendance VALUES(1920,0,1,48,14);
INSERT INTO attendance_attendance VALUES(1921,1,1,49,14);
INSERT INTO attendance_attendance VALUES(1922,0,1,50,14);
INSERT INTO attendance_attendance VALUES(1923,1,1,51,14);
INSERT INTO attendance_attendance VALUES(1924,0,1,52,14);
INSERT INTO attendance_attendance VALUES(1925,0,1,53,14);
INSERT INTO attendance_attendance VALUES(1926,1,1,54,14);
INSERT INTO attendance_attendance VALUES(1927,1,1,55,14);
INSERT INTO attendance_attendance VALUES(1928,0,1,56,14);
INSERT INTO attendance_attendance VALUES(1929,1,1,57,14);
INSERT INTO attendance_attendance VALUES(1930,1,1,58,14);
INSERT INTO attendance_attendance VALUES(1931,0,1,59,14);
INSERT INTO attendance_attendance VALUES(1932,0,1,60,14);
INSERT INTO attendance_attendance VALUES(1933,1,1,61,14);
INSERT INTO attendance_attendance VALUES(1934,1,1,62,14);
INSERT INTO attendance_attendance VALUES(1935,0,1,63,14);
INSERT INTO attendance_attendance VALUES(1936,1,1,64,14);
INSERT INTO attendance_attendance VALUES(1937,1,1,65,14);
INSERT INTO attendance_attendance VALUES(1938,1,1,66,14);
INSERT INTO attendance_attendance VALUES(1939,0,1,67,14);
INSERT INTO attendance_attendance VALUES(1940,1,1,68,14);
INSERT INTO attendance_attendance VALUES(1941,1,1,69,14);
INSERT INTO attendance_attendance VALUES(1942,1,1,70,14);
INSERT INTO attendance_attendance VALUES(1943,1,1,71,14);
INSERT INTO attendance_attendance VALUES(1944,1,1,72,14);
INSERT INTO attendance_attendance VALUES(1945,1,1,73,14);
INSERT INTO attendance_attendance VALUES(1946,1,1,74,14);
INSERT INTO attendance_attendance VALUES(1947,0,1,75,14);
INSERT INTO attendance_attendance VALUES(1948,0,1,76,14);
INSERT INTO attendance_attendance VALUES(1949,1,1,77,14);
INSERT INTO attendance_attendance VALUES(1950,0,1,78,14);
INSERT INTO attendance_attendance VALUES(1951,1,1,79,14);
INSERT INTO attendance_attendance VALUES(1952,0,1,80,14);
INSERT INTO attendance_attendance VALUES(1953,1,1,81,14);
INSERT INTO attendance_attendance VALUES(1954,1,1,82,14);
INSERT INTO attendance_attendance VALUES(1955,1,1,83,14);
INSERT INTO attendance_attendance VALUES(1956,1,1,84,14);
INSERT INTO attendance_attendance VALUES(1957,1,1,85,14);
INSERT INTO attendance_attendance VALUES(1958,1,1,86,14);
INSERT INTO attendance_attendance VALUES(1959,1,1,87,14);
INSERT INTO attendance_attendance VALUES(1960,1,1,88,14);
INSERT INTO attendance_attendance VALUES(1961,1,1,89,14);
INSERT INTO attendance_attendance VALUES(1962,1,1,90,14);
INSERT INTO attendance_attendance VALUES(1963,1,1,91,14);
INSERT INTO attendance_attendance VALUES(1964,0,1,92,14);
INSERT INTO attendance_attendance VALUES(1965,1,1,93,14);
INSERT INTO attendance_attendance VALUES(1966,0,1,94,14);
INSERT INTO attendance_attendance VALUES(1967,0,1,95,14);
INSERT INTO attendance_attendance VALUES(1968,1,1,96,14);
INSERT INTO attendance_attendance VALUES(1969,1,1,97,14);
INSERT INTO attendance_attendance VALUES(1970,1,1,98,14);
INSERT INTO attendance_attendance VALUES(1971,1,1,99,14);
INSERT INTO attendance_attendance VALUES(1972,0,0,100,14);
INSERT INTO attendance_attendance VALUES(1973,1,1,101,14);
INSERT INTO attendance_attendance VALUES(1974,1,1,102,14);
INSERT INTO attendance_attendance VALUES(1975,0,0,103,14);
INSERT INTO attendance_attendance VALUES(1976,0,0,104,14);
INSERT INTO attendance_attendance VALUES(1977,0,0,105,14);
INSERT INTO attendance_attendance VALUES(1978,0,0,106,14);
INSERT INTO attendance_attendance VALUES(1979,0,0,107,14);
INSERT INTO attendance_attendance VALUES(1980,0,0,108,14);
INSERT INTO attendance_attendance VALUES(1981,0,0,109,14);
INSERT INTO attendance_attendance VALUES(1982,0,0,110,14);
INSERT INTO attendance_attendance VALUES(1983,0,0,111,14);
INSERT INTO attendance_attendance VALUES(1984,0,0,112,14);
INSERT INTO attendance_attendance VALUES(1985,0,0,113,14);
INSERT INTO attendance_attendance VALUES(1986,0,0,114,14);
INSERT INTO attendance_attendance VALUES(1987,0,0,115,14);
INSERT INTO attendance_attendance VALUES(1988,0,0,116,14);
INSERT INTO attendance_attendance VALUES(1989,0,0,117,14);
INSERT INTO attendance_attendance VALUES(1990,0,0,118,14);
INSERT INTO attendance_attendance VALUES(1991,0,0,119,14);
INSERT INTO attendance_attendance VALUES(1992,0,0,120,14);
INSERT INTO attendance_attendance VALUES(1993,0,0,121,14);
INSERT INTO attendance_attendance VALUES(1994,0,0,122,14);
INSERT INTO attendance_attendance VALUES(1995,0,0,123,14);
INSERT INTO attendance_attendance VALUES(1996,0,0,124,14);
INSERT INTO attendance_attendance VALUES(1997,0,0,125,14);
INSERT INTO attendance_attendance VALUES(1998,0,0,126,14);
INSERT INTO attendance_attendance VALUES(1999,0,0,127,14);
INSERT INTO attendance_attendance VALUES(2000,0,0,128,14);
INSERT INTO attendance_attendance VALUES(2001,0,0,129,14);
INSERT INTO attendance_attendance VALUES(2002,0,0,130,14);
INSERT INTO attendance_attendance VALUES(2003,0,0,131,14);
INSERT INTO attendance_attendance VALUES(2004,0,0,132,14);
INSERT INTO attendance_attendance VALUES(2005,0,0,133,14);
INSERT INTO attendance_attendance VALUES(2006,0,0,134,14);
INSERT INTO attendance_attendance VALUES(2007,0,0,135,14);
INSERT INTO attendance_attendance VALUES(2008,0,0,136,14);
INSERT INTO attendance_attendance VALUES(2009,0,0,137,14);
INSERT INTO attendance_attendance VALUES(2010,0,0,138,14);
INSERT INTO attendance_attendance VALUES(2011,0,0,139,14);
INSERT INTO attendance_attendance VALUES(2012,0,0,140,14);
INSERT INTO attendance_attendance VALUES(2013,0,0,141,14);
INSERT INTO attendance_attendance VALUES(2014,0,0,142,14);
INSERT INTO attendance_attendance VALUES(2015,0,0,143,14);
INSERT INTO attendance_attendance VALUES(2016,0,0,144,14);
INSERT INTO attendance_attendance VALUES(2017,0,0,145,14);
INSERT INTO attendance_attendance VALUES(2018,0,0,146,14);
INSERT INTO attendance_attendance VALUES(2019,0,0,147,14);
INSERT INTO attendance_attendance VALUES(2020,0,0,148,14);
INSERT INTO attendance_attendance VALUES(2021,0,0,149,14);
INSERT INTO attendance_attendance VALUES(2022,0,0,150,14);
INSERT INTO attendance_attendance VALUES(2023,0,0,151,14);
INSERT INTO attendance_attendance VALUES(2024,0,0,152,14);
INSERT INTO attendance_attendance VALUES(2025,0,0,153,14);
INSERT INTO attendance_attendance VALUES(2026,0,0,154,14);
INSERT INTO attendance_attendance VALUES(2027,0,0,155,14);
INSERT INTO attendance_attendance VALUES(2028,0,0,156,14);
INSERT INTO attendance_attendance VALUES(2029,0,0,157,14);
INSERT INTO attendance_attendance VALUES(2030,0,0,158,14);
INSERT INTO attendance_attendance VALUES(2031,0,0,159,14);
INSERT INTO attendance_attendance VALUES(2032,0,0,160,14);
INSERT INTO attendance_attendance VALUES(2033,0,0,161,14);
INSERT INTO attendance_attendance VALUES(2034,0,0,162,14);
INSERT INTO attendance_attendance VALUES(2035,0,0,163,14);
INSERT INTO attendance_attendance VALUES(2036,0,0,164,14);
INSERT INTO attendance_attendance VALUES(2037,0,0,165,14);
INSERT INTO attendance_attendance VALUES(2038,0,0,166,14);
INSERT INTO attendance_attendance VALUES(2039,0,0,167,14);
INSERT INTO attendance_attendance VALUES(2040,0,0,168,14);
INSERT INTO attendance_attendance VALUES(2041,0,0,169,14);
INSERT INTO attendance_attendance VALUES(2042,0,0,170,14);
INSERT INTO attendance_attendance VALUES(2043,0,0,171,14);
INSERT INTO attendance_attendance VALUES(2044,0,0,172,14);
INSERT INTO attendance_attendance VALUES(2045,0,0,173,14);
INSERT INTO attendance_attendance VALUES(2046,0,0,174,14);
INSERT INTO attendance_attendance VALUES(2047,0,0,175,14);
INSERT INTO attendance_attendance VALUES(2048,0,0,176,14);
INSERT INTO attendance_attendance VALUES(2049,0,0,177,14);
INSERT INTO attendance_attendance VALUES(2050,0,0,178,14);
INSERT INTO attendance_attendance VALUES(2051,0,0,179,14);
INSERT INTO attendance_attendance VALUES(2052,0,0,180,14);
INSERT INTO attendance_attendance VALUES(2053,0,0,181,14);
INSERT INTO attendance_attendance VALUES(2054,0,0,182,14);
INSERT INTO attendance_attendance VALUES(2055,0,0,183,14);
INSERT INTO attendance_attendance VALUES(2056,0,0,184,14);
INSERT INTO attendance_attendance VALUES(2057,0,0,185,14);
INSERT INTO attendance_attendance VALUES(2058,0,0,186,14);
INSERT INTO attendance_attendance VALUES(2059,0,0,187,14);
INSERT INTO attendance_attendance VALUES(2060,0,0,188,14);
INSERT INTO attendance_attendance VALUES(2061,0,0,189,14);
INSERT INTO attendance_attendance VALUES(2062,0,0,190,14);
INSERT INTO attendance_attendance VALUES(2063,0,0,191,14);
INSERT INTO attendance_attendance VALUES(2064,0,0,192,14);
INSERT INTO attendance_attendance VALUES(2065,0,0,193,14);
INSERT INTO attendance_attendance VALUES(2066,0,0,194,14);
INSERT INTO attendance_attendance VALUES(2067,0,0,195,14);
INSERT INTO attendance_attendance VALUES(2068,0,0,196,14);
INSERT INTO attendance_attendance VALUES(2069,0,0,197,14);
INSERT INTO attendance_attendance VALUES(2070,0,0,198,14);
INSERT INTO attendance_attendance VALUES(2071,0,0,199,14);
INSERT INTO attendance_attendance VALUES(2072,0,0,200,14);
INSERT INTO attendance_attendance VALUES(2073,0,0,201,14);
INSERT INTO attendance_attendance VALUES(2074,0,0,202,14);
INSERT INTO attendance_attendance VALUES(2075,0,0,203,14);
INSERT INTO attendance_attendance VALUES(2076,0,0,204,14);
INSERT INTO attendance_attendance VALUES(2077,0,0,205,14);
INSERT INTO attendance_attendance VALUES(2078,0,0,206,14);
INSERT INTO attendance_attendance VALUES(2079,0,0,207,14);
INSERT INTO attendance_attendance VALUES(2080,0,0,208,14);
INSERT INTO attendance_attendance VALUES(2081,0,0,209,14);
INSERT INTO attendance_attendance VALUES(2082,0,0,210,14);
INSERT INTO attendance_attendance VALUES(2083,0,0,211,14);
INSERT INTO attendance_attendance VALUES(2084,0,0,212,14);
INSERT INTO attendance_attendance VALUES(2085,0,0,213,14);
INSERT INTO attendance_attendance VALUES(2086,0,0,214,14);
INSERT INTO attendance_attendance VALUES(2087,0,0,215,14);
INSERT INTO attendance_attendance VALUES(2088,0,0,216,14);
INSERT INTO attendance_attendance VALUES(2089,0,0,217,14);
INSERT INTO attendance_attendance VALUES(2090,0,0,218,14);
INSERT INTO attendance_attendance VALUES(2091,0,0,219,14);
INSERT INTO attendance_attendance VALUES(2092,0,0,220,14);
INSERT INTO attendance_attendance VALUES(2093,0,0,221,14);
INSERT INTO attendance_attendance VALUES(2094,0,0,222,14);
INSERT INTO attendance_attendance VALUES(2095,0,0,223,14);
INSERT INTO attendance_attendance VALUES(2096,0,0,224,14);
INSERT INTO attendance_attendance VALUES(2097,0,0,225,14);
INSERT INTO attendance_attendance VALUES(2098,0,0,226,14);
INSERT INTO attendance_attendance VALUES(2099,0,0,227,14);
INSERT INTO attendance_attendance VALUES(2100,0,0,228,14);
INSERT INTO attendance_attendance VALUES(2101,0,0,229,14);
INSERT INTO attendance_attendance VALUES(2102,0,0,230,14);
INSERT INTO attendance_attendance VALUES(2103,0,0,231,14);
INSERT INTO attendance_attendance VALUES(2104,0,0,232,14);
INSERT INTO attendance_attendance VALUES(2105,0,0,233,14);
INSERT INTO attendance_attendance VALUES(2106,0,0,234,14);
INSERT INTO attendance_attendance VALUES(2107,0,0,235,14);
INSERT INTO attendance_attendance VALUES(2108,0,0,236,14);
INSERT INTO attendance_attendance VALUES(2109,0,0,237,14);
INSERT INTO attendance_attendance VALUES(2110,0,0,238,14);
INSERT INTO attendance_attendance VALUES(2111,0,0,239,14);
INSERT INTO attendance_attendance VALUES(2112,0,0,240,14);
INSERT INTO attendance_attendance VALUES(2113,0,0,241,14);
INSERT INTO attendance_attendance VALUES(2114,0,0,242,14);
INSERT INTO attendance_attendance VALUES(2115,0,0,243,14);
INSERT INTO attendance_attendance VALUES(2116,0,0,244,14);
INSERT INTO attendance_attendance VALUES(2117,0,0,245,14);
INSERT INTO attendance_attendance VALUES(2118,0,0,246,14);
INSERT INTO attendance_attendance VALUES(2119,0,0,247,14);
INSERT INTO attendance_attendance VALUES(2120,0,0,248,14);
INSERT INTO attendance_attendance VALUES(2121,0,0,249,14);
INSERT INTO attendance_attendance VALUES(2122,0,0,250,14);
INSERT INTO attendance_attendance VALUES(2123,0,0,251,14);
INSERT INTO attendance_attendance VALUES(2124,0,0,252,14);
INSERT INTO attendance_attendance VALUES(2125,0,0,253,14);
INSERT INTO attendance_attendance VALUES(2126,0,0,254,14);
INSERT INTO attendance_attendance VALUES(2127,0,0,255,14);
INSERT INTO attendance_attendance VALUES(2128,0,0,256,14);
INSERT INTO attendance_attendance VALUES(2129,0,0,257,14);
INSERT INTO attendance_attendance VALUES(2130,0,0,258,14);
INSERT INTO attendance_attendance VALUES(2131,0,0,259,14);
INSERT INTO attendance_attendance VALUES(2132,0,0,260,14);
INSERT INTO attendance_attendance VALUES(2133,0,0,261,14);
INSERT INTO attendance_attendance VALUES(2134,0,0,262,14);
INSERT INTO attendance_attendance VALUES(2135,0,0,263,14);
INSERT INTO attendance_attendance VALUES(2136,0,0,264,14);
INSERT INTO attendance_attendance VALUES(2137,0,0,265,14);
INSERT INTO attendance_attendance VALUES(2138,0,0,266,14);
INSERT INTO attendance_attendance VALUES(2139,0,0,267,14);
INSERT INTO attendance_attendance VALUES(2140,0,0,268,14);
INSERT INTO attendance_attendance VALUES(2141,0,0,269,14);
INSERT INTO attendance_attendance VALUES(2142,0,0,270,14);
INSERT INTO attendance_attendance VALUES(2143,0,0,271,14);
INSERT INTO attendance_attendance VALUES(2144,0,0,272,14);
INSERT INTO attendance_attendance VALUES(2145,0,0,273,14);
INSERT INTO attendance_attendance VALUES(2146,0,0,274,14);
INSERT INTO attendance_attendance VALUES(2147,0,0,275,14);
INSERT INTO attendance_attendance VALUES(2148,0,0,276,14);
INSERT INTO attendance_attendance VALUES(2149,0,0,277,14);
INSERT INTO attendance_attendance VALUES(2150,0,0,278,14);
INSERT INTO attendance_attendance VALUES(2151,0,0,279,14);
INSERT INTO attendance_attendance VALUES(2152,0,0,280,14);
INSERT INTO attendance_attendance VALUES(2153,0,0,281,14);
INSERT INTO attendance_attendance VALUES(2154,0,0,282,14);
INSERT INTO attendance_attendance VALUES(2155,0,0,283,14);
INSERT INTO attendance_attendance VALUES(2156,0,0,284,14);
INSERT INTO attendance_attendance VALUES(2157,0,0,285,14);
INSERT INTO attendance_attendance VALUES(2158,0,0,286,14);
INSERT INTO attendance_attendance VALUES(2159,0,0,287,14);
INSERT INTO attendance_attendance VALUES(2160,0,0,288,14);
INSERT INTO attendance_attendance VALUES(2161,0,0,289,14);
INSERT INTO attendance_attendance VALUES(2162,0,0,290,14);
INSERT INTO attendance_attendance VALUES(2163,0,0,291,14);
INSERT INTO attendance_attendance VALUES(2164,0,0,292,14);
INSERT INTO attendance_attendance VALUES(2165,0,0,293,14);
INSERT INTO attendance_attendance VALUES(2166,0,0,294,14);
INSERT INTO attendance_attendance VALUES(2167,0,0,295,14);
INSERT INTO attendance_attendance VALUES(2168,0,0,296,14);
INSERT INTO attendance_attendance VALUES(2169,0,0,297,14);
INSERT INTO attendance_attendance VALUES(2170,0,0,298,14);
INSERT INTO attendance_attendance VALUES(2171,0,0,299,14);
INSERT INTO attendance_attendance VALUES(2172,0,0,300,14);
INSERT INTO attendance_attendance VALUES(2173,0,0,301,14);
INSERT INTO attendance_attendance VALUES(2174,0,0,302,14);
INSERT INTO attendance_attendance VALUES(2175,0,0,303,14);
INSERT INTO attendance_attendance VALUES(2176,0,0,304,14);
INSERT INTO attendance_attendance VALUES(2177,0,0,305,14);
INSERT INTO attendance_attendance VALUES(2178,0,0,306,14);
INSERT INTO attendance_attendance VALUES(2179,0,0,307,14);
INSERT INTO attendance_attendance VALUES(2180,0,0,308,14);
INSERT INTO attendance_attendance VALUES(2181,0,0,309,14);
INSERT INTO attendance_attendance VALUES(2182,0,0,310,14);
INSERT INTO attendance_attendance VALUES(2183,0,0,311,14);
INSERT INTO attendance_attendance VALUES(2184,0,0,312,14);
INSERT INTO attendance_attendance VALUES(2185,0,0,313,14);
INSERT INTO attendance_attendance VALUES(2186,0,0,314,14);
INSERT INTO attendance_attendance VALUES(2187,0,0,315,14);
INSERT INTO attendance_attendance VALUES(2188,0,0,316,14);
INSERT INTO attendance_attendance VALUES(2189,0,0,317,14);
INSERT INTO attendance_attendance VALUES(2190,0,0,318,14);
INSERT INTO attendance_attendance VALUES(2191,0,0,319,14);
INSERT INTO attendance_attendance VALUES(2192,0,0,320,14);
INSERT INTO attendance_attendance VALUES(2193,0,0,321,14);
INSERT INTO attendance_attendance VALUES(2194,0,0,322,14);
INSERT INTO attendance_attendance VALUES(2195,0,0,323,14);
INSERT INTO attendance_attendance VALUES(2196,0,0,324,14);
INSERT INTO attendance_attendance VALUES(2197,0,0,325,14);
INSERT INTO attendance_attendance VALUES(2198,0,0,326,14);
INSERT INTO attendance_attendance VALUES(2199,0,0,327,14);
INSERT INTO attendance_attendance VALUES(2200,0,0,328,14);
INSERT INTO attendance_attendance VALUES(2201,0,0,329,14);
INSERT INTO attendance_attendance VALUES(2202,0,0,330,14);
INSERT INTO attendance_attendance VALUES(2203,0,0,331,14);
INSERT INTO attendance_attendance VALUES(2204,0,0,332,14);
INSERT INTO attendance_attendance VALUES(2205,0,0,333,14);
INSERT INTO attendance_attendance VALUES(2206,0,0,334,14);
INSERT INTO attendance_attendance VALUES(2207,0,1,44,15);
INSERT INTO attendance_attendance VALUES(2208,1,1,45,15);
INSERT INTO attendance_attendance VALUES(2209,0,1,46,15);
INSERT INTO attendance_attendance VALUES(2210,0,1,47,15);
INSERT INTO attendance_attendance VALUES(2211,0,1,48,15);
INSERT INTO attendance_attendance VALUES(2212,1,1,49,15);
INSERT INTO attendance_attendance VALUES(2213,1,1,50,15);
INSERT INTO attendance_attendance VALUES(2214,0,1,51,15);
INSERT INTO attendance_attendance VALUES(2215,1,1,52,15);
INSERT INTO attendance_attendance VALUES(2216,0,1,53,15);
INSERT INTO attendance_attendance VALUES(2217,1,1,54,15);
INSERT INTO attendance_attendance VALUES(2218,1,1,55,15);
INSERT INTO attendance_attendance VALUES(2219,0,1,56,15);
INSERT INTO attendance_attendance VALUES(2220,0,1,57,15);
INSERT INTO attendance_attendance VALUES(2221,1,1,58,15);
INSERT INTO attendance_attendance VALUES(2222,0,1,59,15);
INSERT INTO attendance_attendance VALUES(2223,1,1,60,15);
INSERT INTO attendance_attendance VALUES(2224,1,1,61,15);
INSERT INTO attendance_attendance VALUES(2225,1,1,62,15);
INSERT INTO attendance_attendance VALUES(2226,1,1,63,15);
INSERT INTO attendance_attendance VALUES(2227,1,1,64,15);
INSERT INTO attendance_attendance VALUES(2228,1,1,65,15);
INSERT INTO attendance_attendance VALUES(2229,1,1,66,15);
INSERT INTO attendance_attendance VALUES(2230,0,1,67,15);
INSERT INTO attendance_attendance VALUES(2231,0,1,68,15);
INSERT INTO attendance_attendance VALUES(2232,1,1,69,15);
INSERT INTO attendance_attendance VALUES(2233,1,1,70,15);
INSERT INTO attendance_attendance VALUES(2234,0,1,71,15);
INSERT INTO attendance_attendance VALUES(2235,0,1,72,15);
INSERT INTO attendance_attendance VALUES(2236,1,1,73,15);
INSERT INTO attendance_attendance VALUES(2237,1,1,74,15);
INSERT INTO attendance_attendance VALUES(2238,0,1,75,15);
INSERT INTO attendance_attendance VALUES(2239,0,1,76,15);
INSERT INTO attendance_attendance VALUES(2240,1,1,77,15);
INSERT INTO attendance_attendance VALUES(2241,0,1,78,15);
INSERT INTO attendance_attendance VALUES(2242,1,1,79,15);
INSERT INTO attendance_attendance VALUES(2243,0,1,80,15);
INSERT INTO attendance_attendance VALUES(2244,1,1,81,15);
INSERT INTO attendance_attendance VALUES(2245,1,1,82,15);
INSERT INTO attendance_attendance VALUES(2246,1,1,83,15);
INSERT INTO attendance_attendance VALUES(2247,1,1,84,15);
INSERT INTO attendance_attendance VALUES(2248,1,1,85,15);
INSERT INTO attendance_attendance VALUES(2249,1,1,86,15);
INSERT INTO attendance_attendance VALUES(2250,1,1,87,15);
INSERT INTO attendance_attendance VALUES(2251,1,1,88,15);
INSERT INTO attendance_attendance VALUES(2252,1,1,89,15);
INSERT INTO attendance_attendance VALUES(2253,1,1,90,15);
INSERT INTO attendance_attendance VALUES(2254,1,1,91,15);
INSERT INTO attendance_attendance VALUES(2255,0,1,92,15);
INSERT INTO attendance_attendance VALUES(2256,0,1,93,15);
INSERT INTO attendance_attendance VALUES(2257,0,1,94,15);
INSERT INTO attendance_attendance VALUES(2258,1,1,95,15);
INSERT INTO attendance_attendance VALUES(2259,1,1,96,15);
INSERT INTO attendance_attendance VALUES(2260,1,1,97,15);
INSERT INTO attendance_attendance VALUES(2261,0,1,98,15);
INSERT INTO attendance_attendance VALUES(2262,1,1,99,15);
INSERT INTO attendance_attendance VALUES(2263,0,0,100,15);
INSERT INTO attendance_attendance VALUES(2264,1,1,101,15);
INSERT INTO attendance_attendance VALUES(2265,1,1,102,15);
INSERT INTO attendance_attendance VALUES(2266,0,0,103,15);
INSERT INTO attendance_attendance VALUES(2267,0,0,104,15);
INSERT INTO attendance_attendance VALUES(2268,0,0,105,15);
INSERT INTO attendance_attendance VALUES(2269,0,0,106,15);
INSERT INTO attendance_attendance VALUES(2270,0,0,107,15);
INSERT INTO attendance_attendance VALUES(2271,0,0,108,15);
INSERT INTO attendance_attendance VALUES(2272,0,0,109,15);
INSERT INTO attendance_attendance VALUES(2273,0,0,110,15);
INSERT INTO attendance_attendance VALUES(2274,0,0,111,15);
INSERT INTO attendance_attendance VALUES(2275,0,0,112,15);
INSERT INTO attendance_attendance VALUES(2276,0,0,113,15);
INSERT INTO attendance_attendance VALUES(2277,0,0,114,15);
INSERT INTO attendance_attendance VALUES(2278,0,0,115,15);
INSERT INTO attendance_attendance VALUES(2279,0,0,116,15);
INSERT INTO attendance_attendance VALUES(2280,0,0,117,15);
INSERT INTO attendance_attendance VALUES(2281,0,0,118,15);
INSERT INTO attendance_attendance VALUES(2282,0,0,119,15);
INSERT INTO attendance_attendance VALUES(2283,0,0,120,15);
INSERT INTO attendance_attendance VALUES(2284,0,0,121,15);
INSERT INTO attendance_attendance VALUES(2285,0,0,122,15);
INSERT INTO attendance_attendance VALUES(2286,0,0,123,15);
INSERT INTO attendance_attendance VALUES(2287,0,0,124,15);
INSERT INTO attendance_attendance VALUES(2288,0,0,125,15);
INSERT INTO attendance_attendance VALUES(2289,0,0,126,15);
INSERT INTO attendance_attendance VALUES(2290,0,0,127,15);
INSERT INTO attendance_attendance VALUES(2291,0,0,128,15);
INSERT INTO attendance_attendance VALUES(2292,0,0,129,15);
INSERT INTO attendance_attendance VALUES(2293,0,0,130,15);
INSERT INTO attendance_attendance VALUES(2294,0,0,131,15);
INSERT INTO attendance_attendance VALUES(2295,0,0,132,15);
INSERT INTO attendance_attendance VALUES(2296,0,0,133,15);
INSERT INTO attendance_attendance VALUES(2297,0,0,134,15);
INSERT INTO attendance_attendance VALUES(2298,0,0,135,15);
INSERT INTO attendance_attendance VALUES(2299,0,0,136,15);
INSERT INTO attendance_attendance VALUES(2300,0,0,137,15);
INSERT INTO attendance_attendance VALUES(2301,0,0,138,15);
INSERT INTO attendance_attendance VALUES(2302,0,0,139,15);
INSERT INTO attendance_attendance VALUES(2303,0,0,140,15);
INSERT INTO attendance_attendance VALUES(2304,0,0,141,15);
INSERT INTO attendance_attendance VALUES(2305,0,0,142,15);
INSERT INTO attendance_attendance VALUES(2306,0,0,143,15);
INSERT INTO attendance_attendance VALUES(2307,0,0,144,15);
INSERT INTO attendance_attendance VALUES(2308,0,0,145,15);
INSERT INTO attendance_attendance VALUES(2309,1,1,146,15);
INSERT INTO attendance_attendance VALUES(2310,1,1,147,15);
INSERT INTO attendance_attendance VALUES(2311,1,1,148,15);
INSERT INTO attendance_attendance VALUES(2312,1,1,149,15);
INSERT INTO attendance_attendance VALUES(2313,1,1,150,15);
INSERT INTO attendance_attendance VALUES(2314,1,1,151,15);
INSERT INTO attendance_attendance VALUES(2315,1,1,152,15);
INSERT INTO attendance_attendance VALUES(2316,1,1,153,15);
INSERT INTO attendance_attendance VALUES(2317,1,1,154,15);
INSERT INTO attendance_attendance VALUES(2318,1,1,155,15);
INSERT INTO attendance_attendance VALUES(2319,0,0,156,15);
INSERT INTO attendance_attendance VALUES(2320,0,0,157,15);
INSERT INTO attendance_attendance VALUES(2321,0,0,158,15);
INSERT INTO attendance_attendance VALUES(2322,0,0,159,15);
INSERT INTO attendance_attendance VALUES(2323,0,0,160,15);
INSERT INTO attendance_attendance VALUES(2324,0,0,161,15);
INSERT INTO attendance_attendance VALUES(2325,0,0,162,15);
INSERT INTO attendance_attendance VALUES(2326,0,0,163,15);
INSERT INTO attendance_attendance VALUES(2327,0,0,164,15);
INSERT INTO attendance_attendance VALUES(2328,0,0,165,15);
INSERT INTO attendance_attendance VALUES(2329,0,0,166,15);
INSERT INTO attendance_attendance VALUES(2330,0,0,167,15);
INSERT INTO attendance_attendance VALUES(2331,0,0,168,15);
INSERT INTO attendance_attendance VALUES(2332,0,0,169,15);
INSERT INTO attendance_attendance VALUES(2333,0,0,170,15);
INSERT INTO attendance_attendance VALUES(2334,0,0,171,15);
INSERT INTO attendance_attendance VALUES(2335,0,0,172,15);
INSERT INTO attendance_attendance VALUES(2336,0,0,173,15);
INSERT INTO attendance_attendance VALUES(2337,0,0,174,15);
INSERT INTO attendance_attendance VALUES(2338,0,0,175,15);
INSERT INTO attendance_attendance VALUES(2339,0,0,176,15);
INSERT INTO attendance_attendance VALUES(2340,0,0,177,15);
INSERT INTO attendance_attendance VALUES(2341,0,0,178,15);
INSERT INTO attendance_attendance VALUES(2342,0,0,179,15);
INSERT INTO attendance_attendance VALUES(2343,0,0,180,15);
INSERT INTO attendance_attendance VALUES(2344,0,0,181,15);
INSERT INTO attendance_attendance VALUES(2345,0,0,182,15);
INSERT INTO attendance_attendance VALUES(2346,0,0,183,15);
INSERT INTO attendance_attendance VALUES(2347,0,0,184,15);
INSERT INTO attendance_attendance VALUES(2348,0,0,185,15);
INSERT INTO attendance_attendance VALUES(2349,0,0,186,15);
INSERT INTO attendance_attendance VALUES(2350,0,0,187,15);
INSERT INTO attendance_attendance VALUES(2351,0,0,188,15);
INSERT INTO attendance_attendance VALUES(2352,0,0,189,15);
INSERT INTO attendance_attendance VALUES(2353,0,0,190,15);
INSERT INTO attendance_attendance VALUES(2354,0,0,191,15);
INSERT INTO attendance_attendance VALUES(2355,0,0,192,15);
INSERT INTO attendance_attendance VALUES(2356,0,0,193,15);
INSERT INTO attendance_attendance VALUES(2357,0,0,194,15);
INSERT INTO attendance_attendance VALUES(2358,0,0,195,15);
INSERT INTO attendance_attendance VALUES(2359,0,0,196,15);
INSERT INTO attendance_attendance VALUES(2360,0,0,197,15);
INSERT INTO attendance_attendance VALUES(2361,0,0,198,15);
INSERT INTO attendance_attendance VALUES(2362,0,0,199,15);
INSERT INTO attendance_attendance VALUES(2363,0,0,200,15);
INSERT INTO attendance_attendance VALUES(2364,0,0,201,15);
INSERT INTO attendance_attendance VALUES(2365,0,0,202,15);
INSERT INTO attendance_attendance VALUES(2366,0,0,203,15);
INSERT INTO attendance_attendance VALUES(2367,0,0,204,15);
INSERT INTO attendance_attendance VALUES(2368,0,0,205,15);
INSERT INTO attendance_attendance VALUES(2369,0,0,206,15);
INSERT INTO attendance_attendance VALUES(2370,0,0,207,15);
INSERT INTO attendance_attendance VALUES(2371,0,0,208,15);
INSERT INTO attendance_attendance VALUES(2372,0,0,209,15);
INSERT INTO attendance_attendance VALUES(2373,0,0,210,15);
INSERT INTO attendance_attendance VALUES(2374,0,0,211,15);
INSERT INTO attendance_attendance VALUES(2375,0,0,212,15);
INSERT INTO attendance_attendance VALUES(2376,0,0,213,15);
INSERT INTO attendance_attendance VALUES(2377,0,0,214,15);
INSERT INTO attendance_attendance VALUES(2378,0,0,215,15);
INSERT INTO attendance_attendance VALUES(2379,0,0,216,15);
INSERT INTO attendance_attendance VALUES(2380,0,0,217,15);
INSERT INTO attendance_attendance VALUES(2381,0,1,218,15);
INSERT INTO attendance_attendance VALUES(2382,1,1,219,15);
INSERT INTO attendance_attendance VALUES(2383,1,1,220,15);
INSERT INTO attendance_attendance VALUES(2384,1,1,221,15);
INSERT INTO attendance_attendance VALUES(2385,1,1,222,15);
INSERT INTO attendance_attendance VALUES(2386,1,1,223,15);
INSERT INTO attendance_attendance VALUES(2387,1,1,224,15);
INSERT INTO attendance_attendance VALUES(2388,1,1,225,15);
INSERT INTO attendance_attendance VALUES(2389,1,1,226,15);
INSERT INTO attendance_attendance VALUES(2390,1,1,227,15);
INSERT INTO attendance_attendance VALUES(2391,0,0,228,15);
INSERT INTO attendance_attendance VALUES(2392,0,0,229,15);
INSERT INTO attendance_attendance VALUES(2393,0,0,230,15);
INSERT INTO attendance_attendance VALUES(2394,0,0,231,15);
INSERT INTO attendance_attendance VALUES(2395,0,0,232,15);
INSERT INTO attendance_attendance VALUES(2396,0,0,233,15);
INSERT INTO attendance_attendance VALUES(2397,0,0,234,15);
INSERT INTO attendance_attendance VALUES(2398,0,0,235,15);
INSERT INTO attendance_attendance VALUES(2399,0,0,236,15);
INSERT INTO attendance_attendance VALUES(2400,0,0,237,15);
INSERT INTO attendance_attendance VALUES(2401,0,0,238,15);
INSERT INTO attendance_attendance VALUES(2402,0,0,239,15);
INSERT INTO attendance_attendance VALUES(2403,0,0,240,15);
INSERT INTO attendance_attendance VALUES(2404,0,0,241,15);
INSERT INTO attendance_attendance VALUES(2405,0,0,242,15);
INSERT INTO attendance_attendance VALUES(2406,0,0,243,15);
INSERT INTO attendance_attendance VALUES(2407,0,0,244,15);
INSERT INTO attendance_attendance VALUES(2408,0,0,245,15);
INSERT INTO attendance_attendance VALUES(2409,0,0,246,15);
INSERT INTO attendance_attendance VALUES(2410,0,0,247,15);
INSERT INTO attendance_attendance VALUES(2411,0,0,248,15);
INSERT INTO attendance_attendance VALUES(2412,0,0,249,15);
INSERT INTO attendance_attendance VALUES(2413,0,0,250,15);
INSERT INTO attendance_attendance VALUES(2414,0,0,251,15);
INSERT INTO attendance_attendance VALUES(2415,0,0,252,15);
INSERT INTO attendance_attendance VALUES(2416,0,0,253,15);
INSERT INTO attendance_attendance VALUES(2417,0,0,254,15);
INSERT INTO attendance_attendance VALUES(2418,0,0,255,15);
INSERT INTO attendance_attendance VALUES(2419,0,0,256,15);
INSERT INTO attendance_attendance VALUES(2420,0,0,257,15);
INSERT INTO attendance_attendance VALUES(2421,0,0,258,15);
INSERT INTO attendance_attendance VALUES(2422,0,0,259,15);
INSERT INTO attendance_attendance VALUES(2423,0,0,260,15);
INSERT INTO attendance_attendance VALUES(2424,0,0,261,15);
INSERT INTO attendance_attendance VALUES(2425,0,0,262,15);
INSERT INTO attendance_attendance VALUES(2426,0,0,263,15);
INSERT INTO attendance_attendance VALUES(2427,0,0,264,15);
INSERT INTO attendance_attendance VALUES(2428,0,0,265,15);
INSERT INTO attendance_attendance VALUES(2429,0,0,266,15);
INSERT INTO attendance_attendance VALUES(2430,0,0,267,15);
INSERT INTO attendance_attendance VALUES(2431,0,0,268,15);
INSERT INTO attendance_attendance VALUES(2432,0,0,269,15);
INSERT INTO attendance_attendance VALUES(2433,0,0,270,15);
INSERT INTO attendance_attendance VALUES(2434,0,0,271,15);
INSERT INTO attendance_attendance VALUES(2435,0,0,272,15);
INSERT INTO attendance_attendance VALUES(2436,0,0,273,15);
INSERT INTO attendance_attendance VALUES(2437,0,0,274,15);
INSERT INTO attendance_attendance VALUES(2438,0,0,275,15);
INSERT INTO attendance_attendance VALUES(2439,0,0,276,15);
INSERT INTO attendance_attendance VALUES(2440,0,0,277,15);
INSERT INTO attendance_attendance VALUES(2441,0,0,278,15);
INSERT INTO attendance_attendance VALUES(2442,0,0,279,15);
INSERT INTO attendance_attendance VALUES(2443,0,0,280,15);
INSERT INTO attendance_attendance VALUES(2444,0,0,281,15);
INSERT INTO attendance_attendance VALUES(2445,0,0,282,15);
INSERT INTO attendance_attendance VALUES(2446,0,0,283,15);
INSERT INTO attendance_attendance VALUES(2447,0,0,284,15);
INSERT INTO attendance_attendance VALUES(2448,0,0,285,15);
INSERT INTO attendance_attendance VALUES(2449,0,0,286,15);
INSERT INTO attendance_attendance VALUES(2450,0,0,287,15);
INSERT INTO attendance_attendance VALUES(2451,0,0,288,15);
INSERT INTO attendance_attendance VALUES(2452,0,0,289,15);
INSERT INTO attendance_attendance VALUES(2453,0,0,290,15);
INSERT INTO attendance_attendance VALUES(2454,0,0,291,15);
INSERT INTO attendance_attendance VALUES(2455,0,0,292,15);
INSERT INTO attendance_attendance VALUES(2456,0,0,293,15);
INSERT INTO attendance_attendance VALUES(2457,0,0,294,15);
INSERT INTO attendance_attendance VALUES(2458,0,0,295,15);
INSERT INTO attendance_attendance VALUES(2459,0,0,296,15);
INSERT INTO attendance_attendance VALUES(2460,0,0,297,15);
INSERT INTO attendance_attendance VALUES(2461,0,0,298,15);
INSERT INTO attendance_attendance VALUES(2462,0,0,299,15);
INSERT INTO attendance_attendance VALUES(2463,0,0,300,15);
INSERT INTO attendance_attendance VALUES(2464,0,0,301,15);
INSERT INTO attendance_attendance VALUES(2465,0,0,302,15);
INSERT INTO attendance_attendance VALUES(2466,0,0,303,15);
INSERT INTO attendance_attendance VALUES(2467,0,0,304,15);
INSERT INTO attendance_attendance VALUES(2468,0,0,305,15);
INSERT INTO attendance_attendance VALUES(2469,0,0,306,15);
INSERT INTO attendance_attendance VALUES(2470,0,0,307,15);
INSERT INTO attendance_attendance VALUES(2471,0,0,308,15);
INSERT INTO attendance_attendance VALUES(2472,0,0,309,15);
INSERT INTO attendance_attendance VALUES(2473,0,0,310,15);
INSERT INTO attendance_attendance VALUES(2474,0,0,311,15);
INSERT INTO attendance_attendance VALUES(2475,0,0,312,15);
INSERT INTO attendance_attendance VALUES(2476,0,0,313,15);
INSERT INTO attendance_attendance VALUES(2477,0,0,314,15);
INSERT INTO attendance_attendance VALUES(2478,0,0,315,15);
INSERT INTO attendance_attendance VALUES(2479,0,0,316,15);
INSERT INTO attendance_attendance VALUES(2480,0,0,317,15);
INSERT INTO attendance_attendance VALUES(2481,0,0,318,15);
INSERT INTO attendance_attendance VALUES(2482,0,0,319,15);
INSERT INTO attendance_attendance VALUES(2483,0,0,320,15);
INSERT INTO attendance_attendance VALUES(2484,0,0,321,15);
INSERT INTO attendance_attendance VALUES(2485,0,0,322,15);
INSERT INTO attendance_attendance VALUES(2486,0,0,323,15);
INSERT INTO attendance_attendance VALUES(2487,0,0,324,15);
INSERT INTO attendance_attendance VALUES(2488,0,0,325,15);
INSERT INTO attendance_attendance VALUES(2489,0,0,326,15);
INSERT INTO attendance_attendance VALUES(2490,0,0,327,15);
INSERT INTO attendance_attendance VALUES(2491,0,0,328,15);
INSERT INTO attendance_attendance VALUES(2492,0,0,329,15);
INSERT INTO attendance_attendance VALUES(2493,0,0,330,15);
INSERT INTO attendance_attendance VALUES(2494,0,0,331,15);
INSERT INTO attendance_attendance VALUES(2495,0,0,332,15);
INSERT INTO attendance_attendance VALUES(2496,0,0,333,15);
INSERT INTO attendance_attendance VALUES(2497,0,0,334,15);
CREATE TABLE IF NOT EXISTS "django_content_type" ("id" integer NOT NULL PRIMARY KEY AUTOINCREMENT, "app_label" varchar(100) NOT NULL, "model" varchar(100) NOT NULL);
INSERT INTO django_content_type VALUES(1,'admin','logentry');
INSERT INTO django_content_type VALUES(2,'auth','permission');
INSERT INTO django_content_type VALUES(3,'auth','group');
INSERT INTO django_content_type VALUES(4,'auth','user');
INSERT INTO django_content_type VALUES(5,'contenttypes','contenttype');
INSERT INTO django_content_type VALUES(6,'sessions','session');
INSERT INTO django_content_type VALUES(7,'attendance','group');
INSERT INTO django_content_type VALUES(8,'attendance','session');
INSERT INTO django_content_type VALUES(9,'attendance','member');
INSERT INTO django_content_type VALUES(10,'attendance','attendance');
INSERT INTO django_content_type VALUES(11,'attendance','leaders');
CREATE TABLE IF NOT EXISTS "auth_permission" ("id" integer NOT NULL PRIMARY KEY AUTOINCREMENT, "content_type_id" integer NOT NULL REFERENCES "django_content_type" ("id") DEFERRABLE INITIALLY DEFERRED, "codename" varchar(100) NOT NULL, "name" varchar(255) NOT NULL);
INSERT INTO auth_permission VALUES(1,1,'add_logentry','Can add log entry');
INSERT INTO auth_permission VALUES(2,1,'change_logentry','Can change log entry');
INSERT INTO auth_permission VALUES(3,1,'delete_logentry','Can delete log entry');
INSERT INTO auth_permission VALUES(4,1,'view_logentry','Can view log entry');
INSERT INTO auth_permission VALUES(5,2,'add_permission','Can add permission');
INSERT INTO auth_permission VALUES(6,2,'change_permission','Can change permission');
INSERT INTO auth_permission VALUES(7,2,'delete_permission','Can delete permission');
INSERT INTO auth_permission VALUES(8,2,'view_permission','Can view permission');
INSERT INTO auth_permission VALUES(9,3,'add_group','Can add group');
INSERT INTO auth_permission VALUES(10,3,'change_group','Can change group');
INSERT INTO auth_permission VALUES(11,3,'delete_group','Can delete group');
INSERT INTO auth_permission VALUES(12,3,'view_group','Can view group');
INSERT INTO auth_permission VALUES(13,4,'add_user','Can add user');
INSERT INTO auth_permission VALUES(14,4,'change_user','Can change user');
INSERT INTO auth_permission VALUES(15,4,'delete_user','Can delete user');
INSERT INTO auth_permission VALUES(16,4,'view_user','Can view user');
INSERT INTO auth_permission VALUES(17,5,'add_contenttype','Can add content type');
INSERT INTO auth_permission VALUES(18,5,'change_contenttype','Can change content type');
INSERT INTO auth_permission VALUES(19,5,'delete_contenttype','Can delete content type');
INSERT INTO auth_permission VALUES(20,5,'view_contenttype','Can view content type');
INSERT INTO auth_permission VALUES(21,6,'add_session','Can add session');
INSERT INTO auth_permission VALUES(22,6,'change_session','Can change session');
INSERT INTO auth_permission VALUES(23,6,'delete_session','Can delete session');
INSERT INTO auth_permission VALUES(24,6,'view_session','Can view session');
INSERT INTO auth_permission VALUES(25,7,'add_group','Can add group');
INSERT INTO auth_permission VALUES(26,7,'change_group','Can change group');
INSERT INTO auth_permission VALUES(27,7,'delete_group','Can delete group');
INSERT INTO auth_permission VALUES(28,7,'view_group','Can view group');
INSERT INTO auth_permission VALUES(29,8,'add_session','Can add session');
INSERT INTO auth_permission VALUES(30,8,'change_session','Can change session');
INSERT INTO auth_permission VALUES(31,8,'delete_session','Can delete session');
INSERT INTO auth_permission VALUES(32,8,'view_session','Can view session');
INSERT INTO auth_permission VALUES(33,9,'add_member','Can add member');
INSERT INTO auth_permission VALUES(34,9,'change_member','Can change member');
INSERT INTO auth_permission VALUES(35,9,'delete_member','Can delete member');
INSERT INTO auth_permission VALUES(36,9,'view_member','Can view member');
INSERT INTO auth_permission VALUES(37,10,'add_attendance','Can add attendance');
INSERT INTO auth_permission VALUES(38,10,'change_attendance','Can change attendance');
INSERT INTO auth_permission VALUES(39,10,'delete_attendance','Can delete attendance');
INSERT INTO auth_permission VALUES(40,10,'view_attendance','Can view attendance');
INSERT INTO auth_permission VALUES(41,11,'add_leaders','Can add leaders');
INSERT INTO auth_permission VALUES(42,11,'change_leaders','Can change leaders');
INSERT INTO auth_permission VALUES(43,11,'delete_leaders','Can delete leaders');
INSERT INTO auth_permission VALUES(44,11,'view_leaders','Can view leaders');
CREATE TABLE IF NOT EXISTS "auth_group" ("id" integer NOT NULL PRIMARY KEY AUTOINCREMENT, "name" varchar(150) NOT NULL UNIQUE);
CREATE TABLE IF NOT EXISTS "auth_user" ("id" integer NOT NULL PRIMARY KEY AUTOINCREMENT, "password" varchar(128) NOT NULL, "last_login" datetime NULL, "is_superuser" bool NOT NULL, "username" varchar(150) NOT NULL UNIQUE, "last_name" varchar(150) NOT NULL, "email" varchar(254) NOT NULL, "is_staff" bool NOT NULL, "is_active" bool NOT NULL, "date_joined" datetime NOT NULL, "first_name" varchar(150) NOT NULL);
INSERT INTO auth_user VALUES(1,'pbkdf2_sha256$870000$b7NK9njFPHk7iKrLXuHLOr$M8kq+3BMYxlvu38xpNLc08iMdPfIagl5RsZweTmj+VE=','2025-02-04 13:23:00.974145',1,'mithamzzz','','',1,1,'2025-01-30 09:39:17.069576','');
CREATE TABLE IF NOT EXISTS "django_session" ("session_key" varchar(40) NOT NULL PRIMARY KEY, "session_data" text NOT NULL, "expire_date" datetime NOT NULL);
INSERT INTO django_session VALUES('d0mksvt4nn4eyzk4nmq2n3mqcow0nbln','eyJsZWFkZXIiOiJnaWZ0QDIiLCJsZWFkZXJfbmFtZSI6IkdpZnQgS2lkaGEifQ:1tetlW:D_zp5iUb1ST3hyyim8KJ3oBgarPByF5oSVuD2ZQvZYA','2025-02-17 10:33:18.260849');
INSERT INTO django_session VALUES('ami31ds6yd0swj50h6t3nexcbgbw19lo','.eJyrVspJTUxJLVKyUspKzE0tdjBT0oEKxecBBYDiXiBxBdeUzLx0oLpaAKfZENc:1texiw:wezxURg08Qr7T0wC5FUWUunczBZxLjeOx2Ky0f5uyjQ','2025-02-17 14:46:54.607788');
INSERT INTO django_session VALUES('n6vr02ugeuy7k93noonlpn9qne45ok2g','.eJyrVspJTUxJLVKyUspPLskvy8xLdTA0VtKBCsfnJeamAuX8oXIKzhmpBdn5qckZSrUAXMgUfw:1tf0XK:J5X1EQUpdHLXFC9vvZflwg-4Ost1RMcS-fCRzpuZ7k4','2025-02-17 17:47:06.049723');
INSERT INTO django_session VALUES('w6lttmutgevi1bwpg30t887g6i14bklp','.eJyrVspJTUxJLVKyUkrNycxKzHAwV9KBisXnJeamAiVcwRIK3olFiXlZiUq1AMwSEYw:1tfMEJ:4Szxcrq_XeA4SNe0izjOxiEmbFXh8Qu6kZvOCr6rt4w','2025-02-18 16:56:55.994504');
CREATE TABLE IF NOT EXISTS "attendance_leaders" ("id" integer NOT NULL PRIMARY KEY AUTOINCREMENT, "group_id" bigint NOT NULL REFERENCES "attendance_group" ("id") DEFERRABLE INITIALLY DEFERRED, "name_id" bigint NOT NULL REFERENCES "attendance_member" ("id") DEFERRABLE INITIALLY DEFERRED, "username" varchar(100) NULL);
INSERT INTO attendance_leaders VALUES(1,4,44,'dominion@1');
INSERT INTO attendance_leaders VALUES(2,5,54,'gift@2');
INSERT INTO attendance_leaders VALUES(3,6,64,'litali@3');
INSERT INTO attendance_leaders VALUES(4,7,73,'margaret@4');
INSERT INTO attendance_leaders VALUES(5,8,83,'njeri@5');
INSERT INTO attendance_leaders VALUES(6,9,93,'james@6');
INSERT INTO attendance_leaders VALUES(7,10,103,'elijah@7');
INSERT INTO attendance_leaders VALUES(8,11,113,'edwin@8');
INSERT INTO attendance_leaders VALUES(9,12,124,'fred@9');
INSERT INTO attendance_leaders VALUES(10,13,136,'sheri@10');
INSERT INTO attendance_leaders VALUES(15,14,146,'stella@11');
INSERT INTO attendance_leaders VALUES(16,15,156,'anthony@12');
INSERT INTO attendance_leaders VALUES(17,16,166,'octovine@13');
INSERT INTO attendance_leaders VALUES(18,17,176,'warui@14');
INSERT INTO attendance_leaders VALUES(19,18,186,'wilkister@15');
INSERT INTO attendance_leaders VALUES(20,19,196,'yvonne@16');
INSERT INTO attendance_leaders VALUES(21,20,208,'lameck@17');
INSERT INTO attendance_leaders VALUES(22,21,218,'michelle@18');
INSERT INTO attendance_leaders VALUES(23,22,228,'lea@19');
INSERT INTO attendance_leaders VALUES(24,23,238,'michael@20');
INSERT INTO attendance_leaders VALUES(25,24,248,'petermoses@21');
INSERT INTO attendance_leaders VALUES(26,27,278,'daive@24');
INSERT INTO attendance_leaders VALUES(27,25,258,'ephraim@22');
INSERT INTO attendance_leaders VALUES(28,26,268,'gladys@23');
INSERT INTO attendance_leaders VALUES(29,28,288,'cynthia@25');
INSERT INTO attendance_leaders VALUES(30,29,298,'nancy@26');
INSERT INTO attendance_leaders VALUES(31,30,309,'john@27');
INSERT INTO attendance_leaders VALUES(32,31,319,'shirley@28');
INSERT INTO attendance_leaders VALUES(35,32,328,'conery@29');
CREATE TABLE IF NOT EXISTS "attendance_session" ("id" integer NOT NULL PRIMARY KEY AUTOINCREMENT, "name" varchar(100) NOT NULL, "date" date NOT NULL, "created_at" datetime NOT NULL);
INSERT INTO attendance_session VALUES(14,'Introduction to Mark','2025-01-22','2025-02-04 13:26:59.280218');
INSERT INTO attendance_session VALUES(15,'At that time,Jesus.','2025-01-29','2025-02-04 13:27:26.456541');
CREATE TABLE IF NOT EXISTS "attendance_member" (
  id INTEGER PRIMARY KEY AUTOINCREMENT,  -- This makes id the primary key
  name TEXT,
  Phone_number TEXT,
  email TEXT,
  group_id INT
);
INSERT INTO attendance_member VALUES(44,'Dominion Silas','0716 857438','dominion.silas@gmail.com',4);
INSERT INTO attendance_member VALUES(45,'Jones Mbogholi','0796543235','mbogholijones@gmail.com',4);
INSERT INTO attendance_member VALUES(46,'Anne Karanja','0723716483','karanja.anne@gmail.com',4);
INSERT INTO attendance_member VALUES(47,'Ben Mugwe','0728568551','benmugwe@gmail.com',4);
INSERT INTO attendance_member VALUES(48,'Mary Belinda Ochieng','0711267084','belindaochieng96@gmail.com',4);
INSERT INTO attendance_member VALUES(49,'Susan Murigi','0724523565','suemurigij@gmail.com',4);
INSERT INTO attendance_member VALUES(50,'Caroline Wairimu Muthumbi','0720212428','wairimumuthumbi@yahoo.com',4);
INSERT INTO attendance_member VALUES(51,'Wanza Brigid','0790246166','wanzanashami@gmail.com',4);
INSERT INTO attendance_member VALUES(52,'Sheila Nangila','0757247755','nangilas35@gmail.com',4);
INSERT INTO attendance_member VALUES(53,'Charity Waweru-Mwangi','0723724100','charitywaweru22@gmail.com',4);
INSERT INTO attendance_member VALUES(54,'Gift Kidha','0714414315','eslynegift@gmail.com',5);
INSERT INTO attendance_member VALUES(55,'Sam Wanyua','0745743474','wanyuasamuel@gmail.com',5);
INSERT INTO attendance_member VALUES(56,'Delvin Njoki Muriuki','0719252874','delphinnjoki@gmail.com',5);
INSERT INTO attendance_member VALUES(57,'Kevin Kirika Irungu','0710711763','Kev.kirika@gmail.com',5);
INSERT INTO attendance_member VALUES(58,'Ian Kwach','0700234533','iankwach3@gmail.com',5);
INSERT INTO attendance_member VALUES(59,'MaryFaith','0700384953',NULL,5);
INSERT INTO attendance_member VALUES(60,'Gillian Jane','0708813438','odongojane49@gmail.com',5);
INSERT INTO attendance_member VALUES(61,'Charity Kanyiva Wambua','0703163438','kanyivacharity05@gmail.com',5);
INSERT INTO attendance_member VALUES(62,'Joan Mwangi','0714635372','mjoan1819@gmail.com',5);
INSERT INTO attendance_member VALUES(63,'Mushie Waweru','0717285824','mushie.waweru@gmail.com',5);
INSERT INTO attendance_member VALUES(64,'Litali David Kasyamani','0746282057','davidlitali7@gmail.com',6);
INSERT INTO attendance_member VALUES(65,'Nickson Muturi','0757808816','nickmuturi.k@gmail.com',6);
INSERT INTO attendance_member VALUES(66,'James Murathe Ngigi','0712431280','murathengigi23@gmail.com',6);
INSERT INTO attendance_member VALUES(67,'Clifftone White','0708315300','cliffwhyt@gmail.com',6);
INSERT INTO attendance_member VALUES(68,'Ida Gachoki','0719618140','Idagachoki@gmail.com',6);
INSERT INTO attendance_member VALUES(69,'Joy Junias','0791236047','joyjunias16@gmail.com',6);
INSERT INTO attendance_member VALUES(70,'Lorrine Thuo','0704440111','lorrine.thuo@gmail.com',6);
INSERT INTO attendance_member VALUES(71,'Catherine Gitau','0736497000','catherine.n.mburu@gmail.com',6);
INSERT INTO attendance_member VALUES(72,'Sarah Mbwaya','0721209365','sarahmbwaya@gmail.com',6);
INSERT INTO attendance_member VALUES(73,'Margaret Mungai','0721617359','njeshmuthee9@gmail.com',7);
INSERT INTO attendance_member VALUES(74,'Marren Adunga','0713725353','Angegamarren@gmail.com',7);
INSERT INTO attendance_member VALUES(75,'Stephen Mwanthi','0720875272','smwanthi@gmail.com',7);
INSERT INTO attendance_member VALUES(76,'Francis Waraho','0727617444','Waraho2@gmail.com',7);
INSERT INTO attendance_member VALUES(77,'Neema Njoroge','0700533357','Njorogeneema29@gmail.com',7);
INSERT INTO attendance_member VALUES(78,'Joan Sapu','0738064939','Joansapu@gmail.com',7);
INSERT INTO attendance_member VALUES(79,'Betty Kirimi','0728682733','kirimibetty.kb@gmail.com',7);
INSERT INTO attendance_member VALUES(80,'Victoria Rehema','0722474401','2005valeforty@gmail.com',7);
INSERT INTO attendance_member VALUES(81,'Flora Mwea','0713054955','flora.mweseli@gmail.com',7);
INSERT INTO attendance_member VALUES(82,'Susan Mwanzia','0734552563','suemumbu@gmail.com',7);
INSERT INTO attendance_member VALUES(83,'Njeri Mucheru','0718773562','mucherunjeri15@gmail.com',8);
INSERT INTO attendance_member VALUES(84,'Richard Muthoka','0722955618','rmuthocah@gmail.com',8);
INSERT INTO attendance_member VALUES(85,'Nathan Munyua','0704574239','nathanmunyua@gmail.com',8);
INSERT INTO attendance_member VALUES(86,'Jotham Ngotho','0777678639','kiirungotho@gmail.com',8);
INSERT INTO attendance_member VALUES(87,'Triza Muchiri','0721353549','trizamuchiri7@gmail.com',8);
INSERT INTO attendance_member VALUES(88,'Flora Kariuki','0722861981','florakariuki@gmail.com',8);
INSERT INTO attendance_member VALUES(89,'Vallery Otieno','0790036363','vallerynoh@gmail.com',8);
INSERT INTO attendance_member VALUES(90,'Jane W. Kibiru','0792545391','kibirujane63@gmail.com',8);
INSERT INTO attendance_member VALUES(91,'Annie Kariuki','0723832480','anniekariuki20@gmail.com',8);
INSERT INTO attendance_member VALUES(92,'Joanne Waweru','0721398368','joannewaweru@gmail.com',8);
INSERT INTO attendance_member VALUES(93,'James Edinger','0797741903','james.a.edinger@icloud.com',9);
INSERT INTO attendance_member VALUES(94,'Timothy Gichia','0714447424','timothygichia@gmail.com',9);
INSERT INTO attendance_member VALUES(95,'Godfrey Gitau','0722897708','gitaukamgg@gmail.com',9);
INSERT INTO attendance_member VALUES(96,'Joshua Baru','0719872124','joshbaru42@gmail.com',9);
INSERT INTO attendance_member VALUES(97,'Murugi Gathu','0712691973','gathu.murugi@gmail.com',9);
INSERT INTO attendance_member VALUES(98,'Judy Andiego','0715965881','andiegobeth78@gmail.com',9);
INSERT INTO attendance_member VALUES(99,'Shammah Hopio','0722404394','shammahisajini@gmail.com',9);
INSERT INTO attendance_member VALUES(100,'Ruth Thiongo','0726656260','mukuiyar@gmail.com',NULL);
INSERT INTO attendance_member VALUES(101,'Lena Gatwiri','0740617606','gatwirimukaria@gmail.com',9);
INSERT INTO attendance_member VALUES(102,'Rosemary Gitau','0720811874','rosegit@gmail.com',9);
INSERT INTO attendance_member VALUES(103,'Elijah Karanja','0734946559','Karanjaellie@gmail.com',10);
INSERT INTO attendance_member VALUES(104,'Musale Martin','0722661298','musale.martin@gmail.com',10);
INSERT INTO attendance_member VALUES(105,'Bill Wanjala','0729550852','billwanjala04@gmail.com',10);
INSERT INTO attendance_member VALUES(106,'Joshua Mumo Kioko','0727721786','joshuakioko7@gmail.com',10);
INSERT INTO attendance_member VALUES(107,'Bilha Kaniaru','0797145242',NULL,10);
INSERT INTO attendance_member VALUES(108,'Patricia Mwangi','0726161748','triciamwangi@gmail.com',10);
INSERT INTO attendance_member VALUES(109,'Joyce Maina','0725527569','joissewanjiru@gmail.com',10);
INSERT INTO attendance_member VALUES(110,'Pauline Kibera','0720953468','Paulynnek@gmail.com',10);
INSERT INTO attendance_member VALUES(111,'Jackie Mutegi','0733616754','jackie.mutegi@gmail.com',10);
INSERT INTO attendance_member VALUES(112,'Rachel Njunge','0722204806','rachel.njunge@gmail.com',10);
INSERT INTO attendance_member VALUES(113,'Edwin Kiema','0714750119','kiemaedu@gmail.com',11);
INSERT INTO attendance_member VALUES(114,'Obed Kimani Karanja','0797660244','kimaniobedlhs@gmail.com',11);
INSERT INTO attendance_member VALUES(115,'Moses Lango','0706612699','moseslango@gmail.com',11);
INSERT INTO attendance_member VALUES(116,'Sofia Getambu','0720851896','getambusofia@gmail.com',11);
INSERT INTO attendance_member VALUES(117,'Gloria Nthenya','0724823363','g.nthenya@gmail.com',11);
INSERT INTO attendance_member VALUES(118,'Mitchelle Seyianoi','0111679255','seyianoimitchelle@gmail.com',11);
INSERT INTO attendance_member VALUES(119,'Cheryl Wanderi','0739756042','cherylnjeri@gmail.com',11);
INSERT INTO attendance_member VALUES(120,'Immaculate Akinyi','0722849943','immaculateakinyi@gmail.com',11);
INSERT INTO attendance_member VALUES(121,'Nungari Chege','0708483828','nungachege@gmail.com',11);
INSERT INTO attendance_member VALUES(122,'Winnie Kabogo','0705318504','winniekabogo3@gmail.com',11);
INSERT INTO attendance_member VALUES(123,'Emma Wanjiku','0705465821','gikonyoemmawanjiku@gmail.com',11);
INSERT INTO attendance_member VALUES(124,'Fred Makori','0780924939','fredmakori@gmail.com',12);
INSERT INTO attendance_member VALUES(125,'Cleopas Mutua','0725822269','cleomutua11@gmail.com',12);
INSERT INTO attendance_member VALUES(126,'Alexander Muge','0746376881','alexmuge14@gmail.com',12);
INSERT INTO attendance_member VALUES(127,'Ochibobo Warren','0791743421','ochibobowarren@gmail.com',12);
INSERT INTO attendance_member VALUES(128,'Staicy Osewe','0722988540','Staicyosewe@gmail.com',12);
INSERT INTO attendance_member VALUES(129,'Teddy Wahome','0701437110','tedwahome@mamlakahillchapel.org',12);
INSERT INTO attendance_member VALUES(130,'Joy Maloba','0710631579','Malobache@gmail.com',12);
INSERT INTO attendance_member VALUES(131,'Linet Muthoni','0732706852','muthoni.linet29@gmail.com',12);
INSERT INTO attendance_member VALUES(132,'Lillian Nyawira','0725310153','lillianwachira8@gmail.com',12);
INSERT INTO attendance_member VALUES(133,'Kinya Jackline Nkunya','0705171598','kinya.nkunya@strathmore.edu',12);
INSERT INTO attendance_member VALUES(134,'Emmaculate Akoth','0716638072','akothemma89@gmail.com',12);
INSERT INTO attendance_member VALUES(135,'Susan Cheruiyot','0726989899','cheruchis13@gmail.com',12);
INSERT INTO attendance_member VALUES(136,'Sheri Akweyu','0734930090','sheriakweyu@gmail.com',13);
INSERT INTO attendance_member VALUES(137,'Pascal Oludhe','','',13);
INSERT INTO attendance_member VALUES(138,'Demetrius Mududa','0725435202','demetrius.mududa@gmail.com',13);
INSERT INTO attendance_member VALUES(139,'Brian Ntabo','0711742361','brianombui254@gmail.com',13);
INSERT INTO attendance_member VALUES(140,'Timothy Kipkemoi Ronoh','0708411647','timronsoy@gmail.com',13);
INSERT INTO attendance_member VALUES(141,'Roxana Kuria','0724548594','Roxanakuria16@gmail.com',13);
INSERT INTO attendance_member VALUES(142,'Daniel Wendot','0731010304','dwendot@gmail.com',13);
INSERT INTO attendance_member VALUES(143,'Brenda Mukami','0727885426','kashianmukami@gmail.com',13);
INSERT INTO attendance_member VALUES(144,'Gillian Mwende','0708030308','mwendegillian@gmail.com',13);
INSERT INTO attendance_member VALUES(145,'Alma Akute','0720934717','aambasa@gmail.com',13);
INSERT INTO attendance_member VALUES(146,'Stella Mandi','0700260696','stellakmandi@yahoo.com',14);
INSERT INTO attendance_member VALUES(147,'Joshua Muturi Karuri','0704769000','joshkaruri@gmail.com',14);
INSERT INTO attendance_member VALUES(148,'Buzunesh Tamiru','0701751434','buzunesh.t@gmail.com',14);
INSERT INTO attendance_member VALUES(149,'Ian Duncan','0715023587','ianjuma110@gmail.com',14);
INSERT INTO attendance_member VALUES(150,'Valentine Wanjiku','0704075846','karungovalentine040@gmail.com',14);
INSERT INTO attendance_member VALUES(151,'Grace Kamochu','0720595625','wangarikimani@gmail.com',14);
INSERT INTO attendance_member VALUES(152,'Vian Gitahi','0780998105','viangitahi@gmail.com',14);
INSERT INTO attendance_member VALUES(153,'Lorraine Mududa','0722348671','mulukatila@gmail.com',14);
INSERT INTO attendance_member VALUES(154,'Mercy Kamau','0114188868','mercywanjiru11125@gmail.com',14);
INSERT INTO attendance_member VALUES(155,'Fridah Elegwa Senaji','0798181444','elegwa.senaji@strathmore.edu',14);
INSERT INTO attendance_member VALUES(156,'Anthony Nandaa','0728590438','profnandaa@gmail.com',15);
INSERT INTO attendance_member VALUES(157,'Solomon Abiakalam','+2347034000056/+254763580992','sabiakalam@gmail.com',15);
INSERT INTO attendance_member VALUES(158,'Roseanne Mercy','0757896399','Mercyroseanne@gmail.com',15);
INSERT INTO attendance_member VALUES(159,'Kelvin Kiriba','0719184871','kiribakelvin@gmail.com',15);
INSERT INTO attendance_member VALUES(160,'Peter Kanda','0722949771','arapkanda@gmail.com',15);
INSERT INTO attendance_member VALUES(161,'James Fadhili Ngao','0710379282','fadhilingao@gmail.com',15);
INSERT INTO attendance_member VALUES(162,'Januaries Maitha','0711165159','januariesn@gmail.com',15);
INSERT INTO attendance_member VALUES(163,'Caroline Mwende Zakayo','0729657297','Zakayocarolyne@gmail.com',15);
INSERT INTO attendance_member VALUES(164,'Joyce Waihiga','0700869564','joyce.o.waihiga@gmail.com',15);
INSERT INTO attendance_member VALUES(165,'Ann Kiarie','0796565927','ann01kiarie@gmail.com',15);
INSERT INTO attendance_member VALUES(166,'Octovine Chepkoech','0768997776','octovine614@gmail.com',16);
INSERT INTO attendance_member VALUES(167,'Mbuthia Kariuki','0718981027','mbuthiamwendwa@gmail.com',16);
INSERT INTO attendance_member VALUES(168,'Jafferson Anduvate','0717693543','anduvatemutange@gmail.com',16);
INSERT INTO attendance_member VALUES(169,'Eddie Omobe','0706192541','eddieomobe1@outlook.com',16);
INSERT INTO attendance_member VALUES(170,'Mwendwa Mbuthia','0715312476','mbuthiamwendwa@gmail.com',16);
INSERT INTO attendance_member VALUES(171,'Gatwiri Njue','0725654761','igatwi@gmail.com',16);
INSERT INTO attendance_member VALUES(172,'Catherine Kabiru','0724726392','rhine.keo@gmail.com',16);
INSERT INTO attendance_member VALUES(173,'Kathleen Makutwa','0711519424','kathleenmakutwa@gmail.com',16);
INSERT INTO attendance_member VALUES(174,'Caroline Muraguri','0721350677','cwanjiram@yahoo.com',16);
INSERT INTO attendance_member VALUES(175,'Sakina Ochieng','0724121738','sakinaochieng@gmail.com',16);
INSERT INTO attendance_member VALUES(176,'Warui Njuguna','0786631642','timnjuguna@outlook.com',17);
INSERT INTO attendance_member VALUES(177,'Eric Mwangi','0792261918','erow2003@gmail.com',17);
INSERT INTO attendance_member VALUES(178,'Sarah Namarome','0714672291','namaromenash22@gmail.com',17);
INSERT INTO attendance_member VALUES(179,'Wangari Kinyanjui','0716404435','wangarikinyanjui44@gmail.com',17);
INSERT INTO attendance_member VALUES(180,'Samuel Musyimi','0791488291','smusyimi090@gmail.com',17);
INSERT INTO attendance_member VALUES(181,'Constance Bwire','0707569201','Connieajiambo@gmail.com',17);
INSERT INTO attendance_member VALUES(182,'Susan M','0716790690','suemwa8@gmail.com',17);
INSERT INTO attendance_member VALUES(183,'Patience Muvea','0710306287','pmukeli@gmail.com',17);
INSERT INTO attendance_member VALUES(184,'Naomi Onganya','0729340464','naomi3victory@gmail.com',17);
INSERT INTO attendance_member VALUES(185,'Stephanie Omol','0737563353','stephanieomol@gmail.com',17);
INSERT INTO attendance_member VALUES(186,'Wilkister Kiyumbu','0732858431','kiyumbuludenyi@gmail.com',18);
INSERT INTO attendance_member VALUES(187,'Caleb Maina','0706717173','calebmaina002@gmail.com',18);
INSERT INTO attendance_member VALUES(188,'Philip John','0723791500','philipjohn956@gmail.com',18);
INSERT INTO attendance_member VALUES(189,'Ronny Odhiambo','0729631238','odhiamboronny@gmail.com',18);
INSERT INTO attendance_member VALUES(190,'Josiah Hilkiah King Juma','0704378918','josiahkingjuma@gmail.com',18);
INSERT INTO attendance_member VALUES(191,'Faith Muli','0715242970','faithmuli33@gmail.com',18);
INSERT INTO attendance_member VALUES(192,'Ceri Kimani','0705779233','cerikimani@gmail.com',18);
INSERT INTO attendance_member VALUES(193,'Beatrice King''ori','0724887035','beakingori@gmail.com',NULL);
INSERT INTO attendance_member VALUES(194,'Wambui Muchaba','0721467057','tabithamuchaba@gmail.com',18);
INSERT INTO attendance_member VALUES(195,'Catherine Owino','0719823427','catherineachieng86@gmail.com',18);
INSERT INTO attendance_member VALUES(196,'Yvonne Karanja','0723337853','yvonnenyamburakamau@gmail.com',19);
INSERT INTO attendance_member VALUES(197,'Wachira Ndege','0733703839','jwndege9@gmail.com',19);
INSERT INTO attendance_member VALUES(198,'Joshua Mark Omondi','0720007615','joshuaomondimark@gmail.com',19);
INSERT INTO attendance_member VALUES(199,'Samuel Boaz','0722504717','samuelboaz70@gmail.com',19);
INSERT INTO attendance_member VALUES(200,'Faith Mwisywa','0724779152','Faithmwisywa@gmail.com',19);
INSERT INTO attendance_member VALUES(201,'Abraham Kemboi','','',19);
INSERT INTO attendance_member VALUES(202,'Alexander Witty','','',19);
INSERT INTO attendance_member VALUES(203,'Michelle Wangari','0717569636','mwangari543@gmail.com',19);
INSERT INTO attendance_member VALUES(204,'Brenda Makandi','0796887521','brendamakan@gmail.com',19);
INSERT INTO attendance_member VALUES(205,'Sylvia Osweto','0737221710','srungu135@gmail.com',19);
INSERT INTO attendance_member VALUES(206,'Irene Keino','0721333263','reneechumbak9@gmail.com',19);
INSERT INTO attendance_member VALUES(207,'Juliet Murathi-Karichu','0724958080','juliettemurathi@gmail.com',19);
INSERT INTO attendance_member VALUES(208,'Lameck Mwendwa','0716013127','lmlameck@gmail.com',20);
INSERT INTO attendance_member VALUES(209,'Jessica Waithera','0743539936','jgichan8@gmail.com',20);
INSERT INTO attendance_member VALUES(210,'Brian Gatambia','0717967397','kabuthagatambia98@gmail.com',20);
INSERT INTO attendance_member VALUES(211,'Ronald Odongo Otieno','0725619978','ronaldodongo96@gmail.com',20);
INSERT INTO attendance_member VALUES(212,'Melanie Nkirote','0797424649','melaniemwenda@gmail.com',20);
INSERT INTO attendance_member VALUES(213,'Emily Kigume','0721472110','kigumzruigu@gmail.com',20);
INSERT INTO attendance_member VALUES(214,'Grace Gitari','0723151665','gracegitaari@gmail.com',20);
INSERT INTO attendance_member VALUES(215,'Fancy Mutangili','0714406725','fancymutangili@gmail.com',20);
INSERT INTO attendance_member VALUES(216,'Rosemary Nzuki','0733956301','rnzuki@gmail.com',20);
INSERT INTO attendance_member VALUES(217,'Cecilia Wangari','0726325942','cesswangari@gmail.com',20);
INSERT INTO attendance_member VALUES(218,'Michelle Akute Liza','0720968467','mpakute@gmail.com',21);
INSERT INTO attendance_member VALUES(219,'Sheila Nyambura','0740873721','shilanyambura47@gmail.com',21);
INSERT INTO attendance_member VALUES(220,'Dennis Kamau','0710957482','denniskay@outlook.com',21);
INSERT INTO attendance_member VALUES(221,'Stephen Nyongesa','0717677965','stevesteny@gmail.com',21);
INSERT INTO attendance_member VALUES(222,'John Glein','0705871657','Gleinjones@gmail.com',21);
INSERT INTO attendance_member VALUES(223,'Joy Wawira Mureithi','0758162680','jwawira224@gmail.com',21);
INSERT INTO attendance_member VALUES(224,'Sizzler Anyango','0743777614','Carolsizzler@gmail.com',21);
INSERT INTO attendance_member VALUES(225,'Maryann Njambi','0720976451','maryannmugo22@gmail.com',21);
INSERT INTO attendance_member VALUES(226,'Erastus Ngahu','0728113500','ngahuk@gmail.com',21);
INSERT INTO attendance_member VALUES(227,'Neema Muthoki','0704830604','neemamuthoki98@gmail.com',21);
INSERT INTO attendance_member VALUES(228,'Lea Mwende','0700468795','lea.schmidtke@gmx.de',22);
INSERT INTO attendance_member VALUES(229,'Dennis Malembeka','0706517772','denismalembeka@gmail.com',22);
INSERT INTO attendance_member VALUES(230,'John Ndichu','0708535432','ndichuschool@gmail.com',22);
INSERT INTO attendance_member VALUES(231,'Charles Kanugi','0725594199','Cwkanugi@gmail.com',22);
INSERT INTO attendance_member VALUES(232,'Jane Kuria','0702931461','Mukamij096@gmail.com',22);
INSERT INTO attendance_member VALUES(233,'Miriam Kiato','0713345547','ndanu122@gmail.com',22);
INSERT INTO attendance_member VALUES(234,'Brilliant Wamukore Mwendwa','0737632249','Brilliantmwendwa@gmail.com',22);
INSERT INTO attendance_member VALUES(235,'Racheal Anne','0707332826','annerwenji@gmail.com',22);
INSERT INTO attendance_member VALUES(236,'Diana Sunday','0729846726','deemigan@gmail.com',22);
INSERT INTO attendance_member VALUES(237,'Sarah Kanda','0721325178','sarahnmaina@gmail.com',22);
INSERT INTO attendance_member VALUES(238,'Michael Mukumbu Ngugi','0724834246','mukumbungugi@gmail.com',23);
INSERT INTO attendance_member VALUES(239,'Annesarah Njuguna','0701026499','njugunasaraha@gmail.com',23);
INSERT INTO attendance_member VALUES(240,'Caesar Ranrick Mvoyi','0112230024','mvoyicaesar@gmail.com',23);
INSERT INTO attendance_member VALUES(241,'Nyamu Wanyoike','0714003984','nymw2000@gmail.com',23);
INSERT INTO attendance_member VALUES(242,'Shaloam Strooper','0717355396','stroopershaloam@gmail.com',23);
INSERT INTO attendance_member VALUES(243,'Catherine Namulondo','0740896251','namulondocatey@gmail.com',23);
INSERT INTO attendance_member VALUES(244,'Twidley Ithiga','0721646121','twidleyithiga@gmail.com',23);
INSERT INTO attendance_member VALUES(245,'Jacquie Wainaina','0718246637','jacquiejoe37@gmail.com',23);
INSERT INTO attendance_member VALUES(246,'Felister Kimotho','0793844813','Kimothowaithera20@gmail.com',23);
INSERT INTO attendance_member VALUES(247,'Zelipher Wakini','0705791864','wakinizelipherb@gmail.com',23);
INSERT INTO attendance_member VALUES(248,'PeterMoses Muia','0790545229','petermosesmuia@gmail.com',24);
INSERT INTO attendance_member VALUES(249,'Gumaywa Mwavali','0704132185','fgumaywa@gmail.com',24);
INSERT INTO attendance_member VALUES(250,'Wycliffe Aswani','0728887583','wyclifaswani@gmail.com',24);
INSERT INTO attendance_member VALUES(251,'Nelly Wagio','0723576235','nelly.wagio@gmail.com',24);
INSERT INTO attendance_member VALUES(252,'Mercy mutai','0715004021','mercymutai254@gmail.com',24);
INSERT INTO attendance_member VALUES(253,'Rosemarion Lwanga','0701436258','angiemarion3@gmail.com',24);
INSERT INTO attendance_member VALUES(254,'Rispah Barasa','0723703001','rispahbarasa@gmail.com',24);
INSERT INTO attendance_member VALUES(255,'Terry Muhoro','0722379734','terry.muhoro@gmail.com',24);
INSERT INTO attendance_member VALUES(256,'Silvana Wanjiru','0721235823','swanjiru@gmail.com',24);
INSERT INTO attendance_member VALUES(257,'Carolyne Muthama','0722433124','carolyne.muthama@gmail.com',24);
INSERT INTO attendance_member VALUES(258,'Ephraim Mwandairo','0701697446','emwand512@gmail.com',25);
INSERT INTO attendance_member VALUES(259,'Nancy Njoroge','0759077261','nancynjoroge546@gmail.com',25);
INSERT INTO attendance_member VALUES(260,'Joachim Wandaka','0724725457','Joachim.njagi@gmail.com',25);
INSERT INTO attendance_member VALUES(261,'Chris Kimani','0723922343','chrismwaura411@gmail.com',25);
INSERT INTO attendance_member VALUES(262,'Cynthia Wanjiku','0702999273','wanjiku7cynthia@gmail.com',25);
INSERT INTO attendance_member VALUES(263,'Loise Wanjira Njogu','0718724065','wanjiranjogu21@gmail.com',25);
INSERT INTO attendance_member VALUES(264,'Jennifer Mathu','0721815617','jenn.gaturu@gmail.com',25);
INSERT INTO attendance_member VALUES(265,'Ruth Thiongo','0725537698','ruthmwose@gmail.com',25);
INSERT INTO attendance_member VALUES(266,'Grace Wangui','0724476912','kuigrace18@gmail.com',25);
INSERT INTO attendance_member VALUES(267,'Mary Mwangi','0726968826','marythefinancialadvisor@gmail.com',25);
INSERT INTO attendance_member VALUES(268,'Gladys Njoroge','0717020491','gladysnjoroge2012@gmail.com',26);
INSERT INTO attendance_member VALUES(269,'Samuel Kamochu','0723624727','Kamochu@gmail.com',26);
INSERT INTO attendance_member VALUES(270,'Elias Waiguru','0713057373','waiguruelias@gmail.com',26);
INSERT INTO attendance_member VALUES(271,'Joseph Githu Njoroge','0723378144','drgithunjoroge@gmail.com',26);
INSERT INTO attendance_member VALUES(272,'Nelson Njenga','0704431128','Nelsonknjenga@gmail.com',26);
INSERT INTO attendance_member VALUES(273,'Emily Gituto Wanjiru','0701781103','emilygituto@gmail.com',26);
INSERT INTO attendance_member VALUES(274,'Muthoni Wandaka','0726805034','Mbnjeru@gmail.com',26);
INSERT INTO attendance_member VALUES(275,'Helen Gitau','0722709417','levyeastafrica2@gmail.com',26);
INSERT INTO attendance_member VALUES(276,'Emmah Njoki Maina','0714756739','emmahmaina1@gmail.com',26);
INSERT INTO attendance_member VALUES(277,'Ms Keren','0722836132','kerenjoseph05@gmail.com',26);
INSERT INTO attendance_member VALUES(278,'Big Daive','0724031518','bdavie26@gmail.com',27);
INSERT INTO attendance_member VALUES(279,'Duncan Mbuthia','0723215675','duncan.mbuthia@gmail.com',27);
INSERT INTO attendance_member VALUES(280,'Alexander Odhiambo','0722786749','',27);
INSERT INTO attendance_member VALUES(281,'Boyani Momanyi','0704357207','boyanimoms@gmail.com',27);
INSERT INTO attendance_member VALUES(282,'William Okandah','0710286132','okandawilliam@yahoo.com',27);
INSERT INTO attendance_member VALUES(283,'Marion Njoroge','0703418250','marion.njoroge@gmail.com',27);
INSERT INTO attendance_member VALUES(284,'Susan Huini','','susanhuini90@gmail.com',27);
INSERT INTO attendance_member VALUES(285,'Anne Kumba','0723091538','anihiri87@gmail.com',27);
INSERT INTO attendance_member VALUES(286,'Diana Musyoka','0791541722','denyce.musyoka@gmail.com',27);
INSERT INTO attendance_member VALUES(287,'Hannah Nguru','0722222956','annnguru@gmail.com',27);
INSERT INTO attendance_member VALUES(288,'Cynthia Lemayian','0797254394','cynthialemaiyan@gmail.com',28);
INSERT INTO attendance_member VALUES(289,'Bavin Clinton','0701193407','bavinclint@gmail.com',28);
INSERT INTO attendance_member VALUES(290,'Maxwell Omondi Onyango','0113320602','maxwellomondi1315@gmail.com',28);
INSERT INTO attendance_member VALUES(291,'Dancan Otieno','0794396306','dancano151@gmail.com',28);
INSERT INTO attendance_member VALUES(292,'Dancolix Abere','0706719415','adancolix2020@gmail.com',28);
INSERT INTO attendance_member VALUES(293,'Grace Wanja','0723859367','gwmurage@gmail.com',28);
INSERT INTO attendance_member VALUES(294,'Lucy Wache','0722794731','lwache@gmail.com',28);
INSERT INTO attendance_member VALUES(295,'Hellen Muchiri','0724844462','hmuchiri2@gmail.com',28);
INSERT INTO attendance_member VALUES(296,'Enith Kyalo','0715183907','enithkyalo@gmail.com',28);
INSERT INTO attendance_member VALUES(297,'Wanjiku Muriithi','0722741690','wanjikumuriithi@gmail.com',28);
INSERT INTO attendance_member VALUES(298,'Nancy Wamuyu','0716239631','nancywamuyu05@gmail.com',29);
INSERT INTO attendance_member VALUES(299,'Sam Ithiga','','',29);
INSERT INTO attendance_member VALUES(300,'Ishmael Kipruto Rono','0759544073','ishkrono@gmail.com',29);
INSERT INTO attendance_member VALUES(301,'Alphonce Mutuku','0719700312','alphonce202@gmail.com',29);
INSERT INTO attendance_member VALUES(302,'Don Wambari','0733201942','wambarikenya@gmail.com',29);
INSERT INTO attendance_member VALUES(303,'Josephine Kamau','0718441159','Wambuijosephine2018@gmail.com',29);
INSERT INTO attendance_member VALUES(304,'Daisy Aluso','0722619084','daisyaluso@gmail.com',29);
INSERT INTO attendance_member VALUES(305,'Janet Njeri Kagia','0717721595','kagiajanet@gmail.com',29);
INSERT INTO attendance_member VALUES(306,'Antonio Detche','0705414014','antoniodetche@gmail.com',29);
INSERT INTO attendance_member VALUES(307,'Margaret Muriu','0721385194','margaret@muriu.me',29);
INSERT INTO attendance_member VALUES(308,'Grace Esther Wangui Karimi','0710651202','gkarimi883@gmail.com',29);
INSERT INTO attendance_member VALUES(309,'John Kiruri Wanjuki','0745216955','jkwanjuki318@gmail.com',30);
INSERT INTO attendance_member VALUES(310,'Jonathan Karanja','0724255729','njorogejonathan@gmail.com',30);
INSERT INTO attendance_member VALUES(311,'David kariuki kuria','0727743265','davidkuria.dkk@gmail.com',30);
INSERT INTO attendance_member VALUES(312,'John Peter Irungu','0794700979','jp3271372@gmail.com',30);
INSERT INTO attendance_member VALUES(313,'Akinyi Vivien Agunda','0722726000','akinyiagunda63@gmail.com',30);
INSERT INTO attendance_member VALUES(314,'Nancy Ngina','0725854014','nginanancie@gmail.com',30);
INSERT INTO attendance_member VALUES(315,'Rita Yvonne Kendi','0708680673','ritakendi1@gmail.com',30);
INSERT INTO attendance_member VALUES(316,'Ivy Mugo','0723689317','Ivymugo1@gmail.com',30);
INSERT INTO attendance_member VALUES(317,'Fadhili Kimani','0701606454','toursfadhili@gmail.com',30);
INSERT INTO attendance_member VALUES(318,'Margaret Kariuki','0721604360','mnjokikariuki@gmail.com',30);
INSERT INTO attendance_member VALUES(319,'Shirley Aoko','0104299131','shirleyaokoo@gmail.com',31);
INSERT INTO attendance_member VALUES(320,'Ivan Mukonosi','0799560810','ivanmmskem@gmail.com',31);
INSERT INTO attendance_member VALUES(321,'Nathan Ronoh','0711583869','Nrono77@gmail.com',31);
INSERT INTO attendance_member VALUES(322,'Beulah Mucharie','0722880211','josephmucharie@gmail.com',31);
INSERT INTO attendance_member VALUES(323,'Winfred Ngahu','0720234576','winnie.kath@gmail.com',31);
INSERT INTO attendance_member VALUES(324,'Elizabeth Thinwa','0727170165','liz.thinwa@gmail.com',31);
INSERT INTO attendance_member VALUES(325,'Movine Okoyo','0712984798','movineokoyo@gmail.com',31);
INSERT INTO attendance_member VALUES(326,'Anne Kivuva','0722899899','kmulu.9@gmail.com',31);
INSERT INTO attendance_member VALUES(327,'S.K Kivuva','0722740186','skkivuva@gmail.com',31);
INSERT INTO attendance_member VALUES(328,'Conery Musyimi','0740673876','conerymusyimi37@gmail.com',32);
INSERT INTO attendance_member VALUES(329,'Josephine Njoroge','0798769954','wambui.josephine@gmail.com',32);
INSERT INTO attendance_member VALUES(330,'Gabriel Kagume','0714712800','Gabrielkagume@gmail.com',32);
INSERT INTO attendance_member VALUES(331,'Hannah Chebet','0790499625','hannaheskinderchebet@gmail.com',32);
INSERT INTO attendance_member VALUES(332,'Cyril Mark Muema','0755707795','cyrilmuema429@gmail.com',32);
INSERT INTO attendance_member VALUES(333,'Shelmith Kamau','0721608399','shellykamau@gmail.com',32);
INSERT INTO attendance_member VALUES(334,'Roy kimathi','0715341969','roykimathi23@gmail.com',32);
DELETE FROM sqlite_sequence;
INSERT INTO sqlite_sequence VALUES('django_migrations',23);
INSERT INTO sqlite_sequence VALUES('django_admin_log',122);
INSERT INTO sqlite_sequence VALUES('django_content_type',11);
INSERT INTO sqlite_sequence VALUES('auth_permission',44);
INSERT INTO sqlite_sequence VALUES('auth_group',0);
INSERT INTO sqlite_sequence VALUES('auth_user',1);
INSERT INTO sqlite_sequence VALUES('attendance_group',39);
INSERT INTO sqlite_sequence VALUES('attendance_attendance',2497);
INSERT INTO sqlite_sequence VALUES('attendance_leaders',35);
INSERT INTO sqlite_sequence VALUES('attendance_session',15);
INSERT INTO sqlite_sequence VALUES('attendance_member',334);
CREATE UNIQUE INDEX "auth_group_permissions_group_id_permission_id_0cd325b0_uniq" ON "auth_group_permissions" ("group_id", "permission_id");
CREATE INDEX "auth_group_permissions_group_id_b120cbf9" ON "auth_group_permissions" ("group_id");
CREATE INDEX "auth_group_permissions_permission_id_84c5c92e" ON "auth_group_permissions" ("permission_id");
CREATE UNIQUE INDEX "auth_user_groups_user_id_group_id_94350c0c_uniq" ON "auth_user_groups" ("user_id", "group_id");
CREATE INDEX "auth_user_groups_user_id_6a12ed8b" ON "auth_user_groups" ("user_id");
CREATE INDEX "auth_user_groups_group_id_97559544" ON "auth_user_groups" ("group_id");
CREATE UNIQUE INDEX "auth_user_user_permissions_user_id_permission_id_14a6b632_uniq" ON "auth_user_user_permissions" ("user_id", "permission_id");
CREATE INDEX "auth_user_user_permissions_user_id_a95ead1b" ON "auth_user_user_permissions" ("user_id");
CREATE INDEX "auth_user_user_permissions_permission_id_1fbb5f2c" ON "auth_user_user_permissions" ("permission_id");
CREATE INDEX "django_admin_log_content_type_id_c4bce8eb" ON "django_admin_log" ("content_type_id");
CREATE INDEX "django_admin_log_user_id_c564eba6" ON "django_admin_log" ("user_id");
CREATE INDEX "attendance_group_leader_id_06767fc1" ON "attendance_group" ("leader_id");
CREATE INDEX "attendance_attendance_member_id_9777e18b" ON "attendance_attendance" ("member_id");
CREATE INDEX "attendance_attendance_session_id_867aa79f" ON "attendance_attendance" ("session_id");
CREATE UNIQUE INDEX "django_content_type_app_label_model_76bd3d3b_uniq" ON "django_content_type" ("app_label", "model");
CREATE UNIQUE INDEX "auth_permission_content_type_id_codename_01ab375a_uniq" ON "auth_permission" ("content_type_id", "codename");
CREATE INDEX "auth_permission_content_type_id_2f476e4b" ON "auth_permission" ("content_type_id");
CREATE INDEX "django_session_expire_date_a5c62663" ON "django_session" ("expire_date");
CREATE INDEX "attendance_leaders_group_id_15d84121" ON "attendance_leaders" ("group_id");
CREATE INDEX "attendance_leaders_name_id_f55a6834" ON "attendance_leaders" ("name_id");
COMMIT;
